Data,IBOV
2017-01-02,
2017-01-03,1.037339732832114
2017-01-04,1.0335805866953078
2017-01-05,1.041652681748003
2017-01-06,1.0348560112774383
2017-01-09,1.0354433778613144
2017-01-10,1.0426763777941868
2017-01-11,1.0479626770490702
2017-01-12,1.073253003960529
2017-01-13,1.0681848694367992
2017-01-16,1.0712056118681614
2017-01-17,1.0799825468215076
2017-01-18,1.0765422568302343
2017-01-19,1.0732026582533396
2017-01-20,1.0827851245217157
2017-01-23,1.103376518762167
2017-01-24,1.1049204537826407
2017-01-26,1.1107941196214002
2017-01-27,1.1081593609451568
2017-01-30,1.0790931059944955
2017-01-31,1.0852856279787877
2017-02-01,1.0880714237765994
2017-02-02,1.0837416929583137
2017-02-03,1.0900349063569845
2017-02-06,1.0739074981539907
2017-02-07,1.0773645700476606
2017-02-08,1.0880546418742028
2017-02-09,1.0902195072833458
2017-02-10,1.1096865140632344
2017-02-13,1.1238336577834465
2017-02-14,1.1195542726723504
2017-02-15,1.1407498153990738
2017-02-16,1.1380479291132446
2017-02-17,1.1369403235550783
2017-02-20,1.1500973350338997
2017-02-21,1.1588239242800566
2017-02-22,1.1510539034704976
2017-02-23,1.1321239175672957
2017-02-24,1.1187151775525275
2017-03-01,1.1241860777337722
2017-03-02,1.1051554004161914
2017-03-03,1.1207793515472917
2017-03-06,1.1133281868832654
2017-03-07,1.1032758273477883
2017-03-08,1.0860911592938178
2017-03-09,1.0838591662750892
2017-03-10,1.0853695374907701
2017-03-13,1.0997851916493255
2017-03-14,1.085772303148285
2017-03-15,1.1115325233268445
2017-03-16,1.1039471034436465
2017-03-17,1.077549170974022
2017-03-20,1.0888769550916295
2017-03-21,1.056924212928778
2017-03-22,1.0660032221252604
2017-03-23,1.0661542592468287
2017-03-24,1.0715748137208838
2017-03-27,1.0792105793112712
2017-03-28,1.0847821709068945
2017-03-29,1.0996845002349471
2017-03-30,1.0952708599046792
2017-03-31,1.0905551453312752
2017-04-03,1.0943646371752707
2017-04-04,1.1037121568100965
2017-04-05,1.0870309458280194
2017-04-06,1.077767335705176
2017-04-07,1.083993421494261
2017-04-10,1.0849332080284626
2017-04-11,1.0800664563334903
2017-04-12,1.072212526011949
2017-04-13,1.054339799959724
2017-04-17,1.079646908773579
2017-04-18,1.0766932939518028
2017-04-19,1.064073303349668
2017-04-20,1.0700140967980134
2017-04-24,1.080569913405384
2017-04-25,1.0933073773242938
2017-04-26,1.0884909713365112
2017-04-27,1.0853863193931668
2017-04-28,1.09758676243539
2017-05-02,1.1197053097939187
2017-05-03,1.1091662750889446
2017-05-04,1.0885077532389076
2017-05-05,1.1027220245687055
2017-05-08,1.099650936430154
2017-05-09,1.1122541451298924
2017-05-10,1.1302443444988928
2017-05-11,1.1333993421494264
2017-05-12,1.1448781633886023
2017-05-15,1.1491239846949055
2017-05-16,1.152648184198161
2017-05-17,1.1334496878566158
2017-05-18,1.03371484191448
2017-05-19,1.0512015842115867
2017-05-22,1.0349902664966104
2017-05-23,1.051587567966705
2017-05-24,1.0615727998925963
2017-05-25,1.0610525609183061
2017-05-26,1.0754682150768615
2017-05-29,1.0700140967980134
2017-05-30,1.0734040410820975
2017-05-31,1.0524098811841314
2017-06-01,1.0453111364704308
2017-06-02,1.0490367188024439
2017-06-05,1.0480298046586565
2017-06-06,1.0564878834664702
2017-06-07,1.0601127743841046
2017-06-08,1.0531482848895755
2017-06-09,1.044002148083507
2017-06-12,1.0354433778613148
2017-06-13,1.037591461368061
2017-06-14,1.039168960193328
2017-06-16,1.0342015170839771
2017-06-19,1.0407128952138018
2017-06-20,1.019769081023025
2017-06-21,1.0196851715110429
2017-06-22,1.0282607236356318
2017-06-23,1.0251560716922874
2017-06-26,1.0436329462307852
2017-06-27,1.0350238303014034
2017-06-28,1.0407632409209913
2017-06-29,1.044472041350608
2017-06-30,1.0555648788346652
2017-07-03,1.0619420017453183
2017-07-04,1.0611364704302884
2017-07-05,1.0598442639457613
2017-07-06,1.0483654427065856
2017-07-07,1.0458817211519102
2017-07-10,1.0576793985366186
2017-07-11,1.0712223937705583
2017-07-12,1.0880546418742032
2017-07-13,1.0938108343961876
2017-07-14,1.0981405652144731
2017-07-17,1.094381419077667
2017-07-18,1.096479156877224
2017-07-19,1.093827616298584
2017-07-20,1.0897831778210383
2017-07-21,1.0855205746123384
2017-07-24,1.0924850641068675
2017-07-25,1.1020171846680544
2017-07-26,1.090991474793583
2017-07-27,1.0954722427334367
2017-07-28,1.099164261260657
2017-07-31,1.1062630059743577
2017-08-01,1.1162650198026454
2017-08-02,1.1266530173860516
2017-08-03,1.1206450963281205
2017-08-04,1.122658924615695
2017-08-07,1.1401456669128018
2017-08-08,1.1394576089145472
2017-08-09,1.1356481170705517
2017-08-10,1.1242532053433585
2017-08-11,1.1303953816204613
2017-08-14,1.145935423239579
2017-08-15,1.1471269383097276
2017-08-16,1.1511378129824805
2017-08-17,1.140766597301471
2017-08-18,1.1531516412700555
2017-08-21,1.151809089078339
2017-08-22,1.1749177686782584
2017-08-23,1.1827381351950068
2017-08-24,1.1937302812646853
2017-08-25,1.1927401490232943
2017-08-28,1.1917835805866963
2017-08-29,1.197050580653824
2017-08-30,1.1896062965697802
2017-08-31,1.1887468953480578
2017-09-01,1.2070066120695453
2017-09-04,1.2104589850305443
2017-09-05,1.210829025978386
2017-09-06,1.2319998993085868
2017-09-08,1.226402127945225
2017-09-11,1.2472178962207168
2017-09-12,1.2508986708733314
2017-09-13,1.255077700208097
2017-09-14,1.2528811170034246
2017-09-15,1.2713385245351427
2017-09-18,1.2752636436866498
2017-09-19,1.2749912734107551
2017-09-20,1.275494227025577
2017-09-21,1.26878465462845
2017-09-22,1.2651834261931947
2017-09-25,1.2493030475934765
2017-09-26,1.2472095052695187
2017-09-27,1.2384491843995449
2017-09-28,1.234598409075654
2017-09-29,1.246786433510104
2017-10-02,1.247899409277037
2017-10-03,1.2882276632879117
2017-10-04,1.2853500704839915
2017-10-05,1.2857879103175152
2017-10-06,1.276342887829766
2017-10-09,1.2708399342149441
2017-10-10,1.2904814727797562
2017-10-11,1.2864972813318136
2017-10-13,1.2920351413036197
2017-10-16,1.2903913539638872
2017-10-17,1.278801939987919
2017-10-18,1.285344196818153
2017-10-19,1.2801765456132126
2017-10-20,1.281978082835472
2017-10-23,1.2655757870712245
2017-10-24,1.2813014365308475
2017-10-25,1.2866874202859662
2017-10-26,1.2736851379472403
2017-10-27,1.275016949721423
2017-10-30,1.255291837282677
2017-10-31,1.2470378264080042
2017-11-01,1.2389027992213222
2017-11-03,1.240441531852053
2017-11-06,1.2470764247835158
2017-11-07,1.2152594482110515
2017-11-08,1.2479547895549463
2017-11-09,1.2239157212861673
2017-11-10,1.211076726857759
2017-11-13,1.2162712291065336
2017-11-14,1.1886049204537847
2017-11-16,1.2168857823722918
2017-11-17,1.2324172652211878
2017-11-21,1.2518394643216777
2017-11-22,1.2505670604819783
2017-11-23,1.2500265154057886
2017-11-24,1.2445017453178513
2017-11-27,1.2428495670269204
2017-11-28,1.2442055447405542
2017-11-29,1.2200518560784075
2017-11-30,1.207810129556289
2017-12-01,1.2127349466335529
2017-12-04,1.2265920990803545
2017-12-05,1.2174627441766825
2017-12-06,1.229582298449355
2017-12-07,1.2164774786869867
2017-12-08,1.2205786399946323
2017-12-11,1.2217231657380707
2017-12-12,1.2387314559978548
2017-12-13,1.2236411693629619
2017-12-14,1.2154952339397223
2017-12-15,1.2184953346311367
2017-12-18,1.227016345572937
2017-12-19,1.219714875478287
2017-12-20,1.2312383365778374
2017-12-21,1.2608818889709366
2017-12-22,1.2617730079881886
2017-12-26,1.2705197355172213
2017-12-27,1.2766419413304722
2017-12-28,1.2821722494462005
2018-01-02,1.307159830838427
2018-01-03,1.308907162515946
2018-01-04,1.319853326173058
2018-01-05,1.326969691884275
2018-01-08,1.3321229106531547
2018-01-09,1.32348023091898
2018-01-10,1.312354333087202
2018-01-11,1.3319030677317611
2018-01-12,1.331629187084651
2018-01-15,1.3383964892260216
2018-01-16,1.3397288044572764
2018-01-17,1.3625085587702253
2018-01-18,1.358707290058404
2018-01-19,1.3630177216889339
2018-01-22,1.370668926629526
2018-01-23,1.3539361952070919
2018-01-24,1.404309592535413
2018-01-26,1.435370208766869
2018-01-29,1.4213937369940286
2018-01-30,1.417776397932473
2018-01-31,1.4249966436195238
2018-02-01,1.4347727730415554
2018-02-02,1.4103735651473484
2018-02-05,1.373784822447476
2018-02-06,1.4079015909243504
2018-02-07,1.388983184533802
2018-02-08,1.3682709605960965
2018-02-09,1.357634087400151
2018-02-14,1.4020077868027154
2018-02-15,1.4145561186816173
2018-02-16,1.4184832516614119
2018-02-19,1.4229829831509737
2018-02-20,1.4399536819493894
2018-02-21,1.4441132442773752
2018-02-22,1.454763542995238
2018-02-23,1.4649466335503833
2018-02-26,1.4709780492716695
2018-02-27,1.4589420688729315
2018-02-28,1.4323957843861221
2018-03-01,1.4328017386050922
2018-03-02,1.4392384372692528
2018-03-05,1.443626736926902
2018-03-06,1.4374206216016687
2018-03-07,1.4345765926025416
2018-03-08,1.426203430220854
2018-03-09,1.4494765724642589
2018-03-12,1.4583545344700317
2018-03-13,1.4496853393300708
2018-03-14,1.4440988118413147
2018-03-15,1.42525676310667
2018-03-16,1.4245567899577138
2018-03-19,1.408220782707932
2018-03-20,1.4124286769148193
2018-03-21,1.4260688393636345
2018-03-22,1.4225662885144703
2018-03-23,1.416009767067199
2018-03-26,1.4279361616432884
2018-03-27,1.4064586829563044
2018-03-28,1.4075676310666623
2018-03-29,1.4325964959387845
2018-04-02,1.4208639323353744
2018-04-03,1.4201426461703748
2018-04-04,1.4157160837752616
2018-04-05,1.4299801973551771
2018-04-06,1.4234480096663806
2018-04-09,1.3980538027790876
2018-04-10,1.4182446130093354
2018-04-11,1.4305831711082815
2018-04-12,1.433904980868636
2018-04-13,1.415291837282679
2018-04-16,1.3905749479761071
2018-04-17,1.411125226555687
2018-04-18,1.439492179633488
2018-04-19,1.4402943545680384
2018-04-20,1.4356932603880022
2018-04-23,1.4365727998926003
2018-04-24,1.4343337584748652
2018-04-25,1.4272066523461144
2018-04-26,1.4496744310935132
2018-04-27,1.4507058468147995
2018-04-30,1.445181915821982
2018-05-02,1.418861012284357
2018-05-03,1.3977334362623388
2018-05-04,1.3948786668456779
2018-05-07,1.3881054910384683
2018-05-08,1.3921603342955002
2018-05-09,1.4141352285695155
2018-05-10,1.4409142780425637
2018-05-11,1.4301577498825317
2018-05-14,1.4303581257971452
2018-05-15,1.4286503994092818
2018-05-16,1.4522549842250168
2018-05-17,1.4033354031013001
2018-05-18,1.3942720010740466
2018-05-21,1.3730167147747916
2018-05-22,1.3885158085520621
2018-05-23,1.3571069678458794
2018-05-24,1.344604786198568
2018-05-25,1.3240528294287486
2018-05-28,1.2646143518829336
2018-05-29,1.2766323756461075
2018-05-30,1.2880715915956278
2018-06-01,1.2962299456266406
2018-06-04,1.3189914076659774
2018-06-05,1.286193864536488
2018-06-06,1.2773917567295472
2018-06-07,1.2393679935557536
2018-06-08,1.2241066993354408
2018-06-11,1.2134619386453689
2018-06-12,1.2209527085990508
2018-06-13,1.2103467141035147
2018-06-14,1.1985834396187192
2018-06-15,1.1874493186547666
2018-06-18,1.171624152513933
2018-06-19,1.1981328455393743
2018-06-20,1.2103680271195583
2018-06-21,1.1759901322413948
2018-06-22,1.1854844935221895
2018-06-25,1.1907258172786508
2018-06-26,1.1983048600389379
2018-06-27,1.1849535141303658
2018-06-28,1.2043789017923112
2018-06-29,1.221093508760157
2018-07-02,1.2223894072632115
2018-07-03,1.2362851580855245
2018-07-04,1.2543317446465772
2018-07-05,1.2511421762771067
2018-07-06,1.258817043700078
2018-07-10,1.2563331543263787
2018-07-11,1.2485492045378306
2018-07-12,1.273011848023096
2018-07-13,1.285399073638992
2018-07-16,1.2863762838155375
2018-07-17,1.3111750688058041
2018-07-18,1.298292273612141
2018-07-19,1.3003765858897807
2018-07-20,1.318575719943617
2018-07-23,1.3089232731422475
2018-07-24,1.3283713163724282
2018-07-25,1.3462114855340044
2018-07-26,1.3325726656373809
2018-07-27,1.3403052628045957
2018-07-30,1.3471772840169205
2018-07-31,1.3294696918842763
2018-08-01,1.3308325501778924
2018-08-02,1.336455158756801
2018-08-03,1.3666338860173233
2018-08-06,1.360185943478557
2018-08-07,1.3483676243539011
2018-08-08,1.328316103913544
2018-08-09,1.3218767201450001
2018-08-10,1.2840565214472754
2018-08-13,1.3005380277908347
2018-08-14,1.3190931059944997
2018-08-15,1.2935070819628156
2018-08-16,1.2891642612606606
2018-08-17,1.2759030341679574
2018-08-20,1.2809272001074086
2018-08-21,1.2616701349264994
2018-08-22,1.2905670604819806
2018-08-23,1.2692785460159808
2018-08-24,1.2798254682150814
2018-08-27,1.3078084513660513
2018-08-28,1.3001473451030452
2018-08-29,1.315513861851384
2018-08-30,1.2822061488890428
2018-08-31,1.2867948244613057
2018-09-03,1.278659125998528
2018-09-04,1.2538061354635208
2018-09-05,1.2601911458683004
2018-09-06,1.2824061891656087
2018-09-10,1.2827475330603526
2018-09-11,1.252878264080021
2018-09-12,1.2607372289722814
2018-09-13,1.2533845740753222
2018-09-14,1.265843794052499
2018-09-17,1.2886631536551034
2018-09-18,1.3142574008189623
2018-09-19,1.3118188225817333
2018-09-20,1.3109354232395838
2018-09-21,1.333226320735724
2018-09-24,1.308723065046659
2018-09-25,1.3195635027186734
2018-09-26,1.3200000000000054
2018-09-27,1.3425537020876739
2018-09-28,1.3315169161576208
2018-10-01,1.3194545881721205
2018-10-02,1.3696093173122161
2018-10-03,1.3974860710210166
2018-10-04,1.392105960931737
2018-10-05,1.3815117137678785
2018-10-08,1.4446519433443035
2018-10-09,1.4447128616500027
2018-10-10,1.4042948244613067
2018-10-11,1.3915734711686976
2018-10-15,1.3989355239309986
2018-10-16,1.4385038934013619
2018-10-17,1.4392824058535336
2018-10-18,1.4071141840639114
2018-10-19,1.4133676243539028
2018-10-22,1.4364754648587026
2018-10-23,1.43149694569377
2018-10-24,1.3939645566221446
2018-10-25,1.4110812579714096
2018-10-26,1.4385426595958979
2018-10-29,1.406268208364106
2018-10-30,1.4581075048667578
2018-10-31,1.4671334832516676
2018-11-01,1.4838398670873394
2018-11-05,1.5036275760220243
2018-11-06,1.4880331610391417
2018-11-07,1.4720136604685572
2018-11-08,1.4368688326508756
2018-11-09,1.4372225951533928
2018-11-12,1.4352671678861577
2018-11-13,1.425020306101906
2018-11-14,1.4427915016446327
2018-11-16,1.4854546217359266
2018-11-19,1.475143317446472
2018-11-21,1.4645364838558161
2018-11-22,1.4680378599718125
2018-11-23,1.4471073034839288
2018-11-26,1.4356331811774241
2018-11-27,1.474981204269322
2018-11-28,1.497798717862663
2018-11-29,1.5054972477680133
2018-11-30,1.5020478955494456
2018-12-03,1.5073519836208695
2018-12-04,1.487286869839571
2018-12-05,1.4942572329999388
2018-12-06,1.4910131234476802
2018-12-07,1.4787386722158882
2018-12-10,1.4418122776397988
2018-12-11,1.4502849567026974
2018-12-12,1.4596472444116324
2018-12-13,1.4740818621198957
2018-12-14,1.467569141437879
2018-12-17,1.449950996845008
2018-12-18,1.453488957508229
2018-12-19,1.4377648184198217
2018-12-20,1.4309810700141026
2018-12-21,1.43816137477345
2018-12-26,1.4287458884339186
2018-12-27,1.4341849030006102
2018-12-28,1.474915587030952
2019-01-02,1.527359871114996
2019-01-03,1.5366224743236956
2019-01-04,1.5412633416124117
2019-01-07,1.5388845069477142
2019-01-08,1.5444696918842784
2019-01-09,1.5710050681345304
2019-01-10,1.5742421292877826
2019-01-11,1.5717646170369937
2019-01-14,1.5854556286500705
2019-01-15,1.5784339128683695
2019-01-16,1.5840954554608377
2019-01-17,1.6001726857756662
2019-01-18,1.6126862791166072
2019-01-21,1.6112267570651875
2019-01-22,1.59601564073304
2019-01-23,1.6204341478150028
2019-01-24,1.6392092367590856
2019-01-28,1.6017298784990333
2019-01-29,1.6050099013224204
2019-01-30,1.6277809290461234
2019-01-31,1.6344524065248103
2019-02-01,1.6422984493522252
2019-02-04,1.6545049338793112
2019-02-05,1.6498491306974625
2019-02-06,1.5881648989729542
2019-02-07,1.584305564878841
2019-02-08,1.6000387661945423
2019-02-11,1.5844284084043831
2019-02-12,1.6138887024233133
2019-02-13,1.6084179700610928
2019-02-14,1.6448798415788484
2019-02-15,1.6366703027455263
2019-02-18,1.6196195542726792
2019-02-19,1.6389064912398539
2019-02-20,1.6202057461233876
2019-02-21,1.6267080620259182
2019-02-22,1.6427065852185077
2019-02-25,1.6318705108411158
2019-02-26,1.637955628650071
2019-02-27,1.633001946700685
2019-02-28,1.6040872323286637
2019-03-01,1.5876310666577231
2019-03-06,1.5811384842585825
2019-03-07,1.5832076928240653
2019-03-08,1.6004037725716656
2019-03-11,1.6450731690944556
2019-03-12,1.6417406189165673
2019-03-13,1.6597954286097942
2019-03-14,1.6547739477747268
2019-03-15,1.663703094582809
2019-03-18,1.6780883734980268
2019-03-19,1.6712824729811444
2019-03-20,1.645320869973827
2019-03-21,1.6232979794589582
2019-03-22,1.5730543062361615
2019-03-25,1.5718267100758605
2019-03-26,1.5994297509565751
2019-03-27,1.5423140565214537
2019-03-28,1.5840259783849164
2019-03-29,1.6012378331207693
2019-04-01,1.6119765724642616
2019-04-02,1.6007712962341478
2019-04-03,1.585746794656649
2019-04-04,1.6163165402430089
2019-04-05,1.629659830838431
2019-04-08,1.6340419211921933
2019-04-09,1.6159594213600124
2019-04-10,1.6102814325031956
2019-04-11,1.590164127005444
2019-04-12,1.5586191850708262
2019-04-15,1.5621093173122174
2019-04-16,1.583092401154602
2019-04-17,1.5654955695777744
2019-04-18,1.5872031281466137
2019-04-22,1.587367590790099
2019-04-23,1.609774451231799
2019-04-24,1.5950431294891658
2019-04-25,1.620326743639666
2019-04-26,1.61502383030141
2019-04-29,1.6142134322346853
2019-04-30,1.6169921796334903
2019-05-02,1.6031351950057127
2019-05-03,1.6111950392696586
2019-05-06,1.5944260589380481
2019-05-07,1.5840224541854133
2019-05-08,1.6042929784520443
2019-05-09,1.591056085117816
2019-05-10,1.5818211720480702
2019-05-13,1.5393458414445926
2019-05-14,1.545486339531456
2019-05-15,1.5376156273075183
2019-05-16,1.5107818688326575
2019-05-17,1.5102492112505939
2019-05-20,1.5430319863059745
2019-05-21,1.5856318386252337
2019-05-22,1.5835513861851451
2019-05-23,1.5759889575082302
2019-05-24,1.5712526011948786
2019-05-27,1.5920025844129764
2019-05-28,1.617653890044983
2019-05-29,1.620570416862463
2019-05-30,1.6355199033362497
2019-05-31,1.6283533597368673
2019-06-03,1.6281882258172862
2019-06-04,1.6342263542995312
2019-06-05,1.6110416526817557
2019-06-06,1.6312823051621212
2019-06-07,1.6416268376183205
2019-06-10,1.6356764784856095
2019-06-11,1.6607370611532608
2019-06-12,1.6500114116936382
2019-06-13,1.657610592736801
2019-06-14,1.6452987178626652
2019-06-17,1.6383038531247986
2019-06-18,1.668194770759222
2019-06-19,1.6832820366516839
2019-06-21,1.711966167684778
2019-06-24,1.7128000604148574
2019-06-25,1.6797501174733254
2019-06-26,1.6897467610928465
2019-06-27,1.6903398335235371
2019-06-28,1.6944216956434268
2019-07-01,1.7006726186480585
2019-07-02,1.6883461435188378
2019-07-03,1.7124775122507974
2019-07-04,1.7392120896824952
2019-07-05,1.7468193260388087
2019-07-08,1.7542159495200467
2019-07-10,1.775811572799902
2019-07-11,1.7645572934147908
2019-07-12,1.7437401825871075
2019-07-15,1.7420066120695537
2019-07-16,1.7415488017721783
2019-07-17,1.7428933677921825
2019-07-18,1.7573435926696745
2019-07-19,1.7361201919849727
2019-07-22,1.7444696918842815
2019-07-23,1.7403551050547184
2019-07-24,1.7473239578438706
2019-07-25,1.7227391421091591
2019-07-26,1.7254972477680164
2019-07-29,1.7366353963885441
2019-07-30,1.727407531717805
2019-07-31,1.7086012284352647
2019-08-01,1.7138675572262967
2019-08-02,1.7230596764449313
2019-08-05,1.6798306706048292
2019-08-06,1.7145010740417628
2019-08-07,1.724883701416402
2019-08-08,1.747251627844542
2019-08-09,1.745253406726196
2019-08-12,1.7103312747533155
2019-08-13,1.7335616231456092
2019-08-14,1.682520138282885
2019-08-15,1.6623633953145023
2019-08-16,1.674930858562136
2019-08-19,1.669273511445267
2019-08-20,1.6651381150567324
2019-08-21,1.6983604081358759
2019-08-22,1.6783795395046077
2019-08-23,1.6390462844868188
2019-08-26,1.6182721353292704
2019-08-27,1.6324795260790856
2019-08-28,1.6478742364234502
2019-08-29,1.686991172719349
2019-08-30,1.6972311539236182
2019-09-02,1.688691347251134
2019-09-03,1.6728339598576991
2019-09-04,1.6983434584144554
2019-09-05,1.715832046720826
2019-09-06,1.7274523393972037
2019-09-09,1.7315665905887185
2019-09-10,1.7290645767604311
2019-09-11,1.7360139625428035
2019-09-12,1.751542424649268
2019-09-13,1.7369467006779982
2019-09-16,1.739954521044515
2019-09-17,1.755669933543676
2019-09-18,1.754244646573145
2019-09-19,1.7510095992481804
2019-09-20,1.759035376250261
2019-09-23,1.7560216822179058
2019-09-24,1.743231187487423
2019-09-25,1.7533896086460456
2019-09-26,1.7674598912532822
2019-09-27,1.7634025307108911
2019-09-30,1.757825736725525
2019-10-01,1.7462140028193693
2019-10-02,1.6954997650533759
2019-10-03,1.7036322749546982
2019-10-04,1.7210062428677009
2019-10-07,1.6878024098811932
2019-10-08,1.677878096261001
2019-10-09,1.6991471437202212
2019-10-10,1.708685137947247
2019-10-11,1.7424971470766022
2019-10-14,1.7503789353561217
2019-10-15,1.7535335973686073
2019-10-16,1.769195139961076
2019-10-17,1.7623644022286464
2019-10-18,1.7575500100691512
2019-10-21,1.7792555548097029
2019-10-22,1.802059307243079
2019-10-23,1.8047860307444554
2019-10-24,1.7954311270725751
2019-10-25,1.8017683090555248
2019-10-28,1.815584681479503
2019-10-29,1.8049986574478187
2019-10-30,1.8192847553198734
2019-10-31,1.7993527220245789
2019-11-01,1.8157285023830407
2019-11-04,1.8255240988118517
2019-11-05,1.8245119822783216
2019-11-06,1.8184906356984731
2019-11-07,1.838970430287988
2019-11-08,1.8062190373900886
2019-11-11,1.8186118010337755
2019-11-12,1.791486708733312
2019-11-13,1.7798877290729778
2019-11-14,1.7882271598308486
2019-11-18,1.783400181244556
2019-11-19,1.7766023360408234
2019-11-21,1.8039996307981572
2019-11-22,1.82406323420824
2019-11-25,1.819559810700151
2019-11-26,1.796660401423115
2019-11-27,1.807540947841857
2019-11-28,1.817313720883409
2019-11-29,1.8163603410082663
2019-12-02,1.8280162113177247
2019-12-03,1.8284892931462808
2019-12-04,1.851059441498298
2019-12-05,1.8564521380143753
2019-12-06,1.8649014902329426
2019-12-09,1.862409042089021
2019-12-10,1.8572868698395748
2019-12-11,1.8621848358730042
2019-12-12,1.8829250855877122
2019-12-13,1.8890524937907063
2019-12-16,1.8778284218299088
2019-12-17,1.889905014432446
2019-12-18,1.9184172987850001
2019-12-19,1.932121400281946
2019-12-20,1.931950728334574
2019-12-23,1.9444064241122474
2019-12-26,1.9668926629522827
2019-12-27,1.9556618782305266
2019-12-30,1.9407488084849402
2020-01-02,1.9898821910451874
2020-01-03,1.975341679532802
2020-01-06,1.9614338457407634
2020-01-07,1.957809290461177
2020-01-08,1.9508463113378633
2020-01-09,1.9458130831711185
2020-01-10,1.938367120896835
2020-01-13,1.9689413975968417
2020-01-14,1.9740954554608412
2020-01-15,1.9536542592468382
2020-01-16,1.958518661475475
2020-01-17,1.988291266698003
2020-01-20,1.9947242733436363
2020-01-21,1.9639195811237258
2020-01-22,1.986832248103655
2020-01-23,2.005901020339676
2020-01-24,1.9865805195677084
2020-01-27,1.9212230650466633
2020-01-28,1.954738873598721
2020-01-29,1.9363771229106628
2020-01-30,1.9387802913338354
2020-01-31,1.9091187823051723
2020-02-03,1.9236962140028293
2020-02-04,1.939261428475542
2020-02-05,1.9471751023696144
2020-02-06,1.9331068335906654
2020-02-07,1.909281902396465
2020-02-10,1.889143787339742
2020-02-11,1.936138316439561
2020-02-12,1.9580138618513891
2020-02-13,1.941035107739823
2020-02-14,1.9195259112573098
2020-02-17,1.9351057259851074
2020-02-18,1.9295376585889872
2020-02-19,1.955386822850248
2020-02-20,1.9229750956568532
2020-02-21,1.9077904947304922
2020-02-26,1.7741540243002034
2020-02-27,1.7282597167214961
2020-02-28,1.7481971202255575
2020-03-02,1.7893772236020764
2020-03-03,1.7711139826810853
2020-03-04,1.799426394576098
2020-03-05,1.7156682553534355
2020-03-06,1.6445722293079226
2020-03-09,1.4443713499362358
2020-03-10,1.5475342350808963
2020-03-11,1.4293335906558438
2020-03-12,1.2180729341478207
2020-03-13,1.3874926159629521
2020-03-16,1.194335268846082
2020-03-17,1.2522192387729134
2020-03-18,1.122624521715787
2020-03-19,1.1467375981741346
2020-03-20,1.125551453312753
2020-03-23,1.066819158219781
2020-03-24,1.1701903067731814
2020-03-25,1.2578970598107062
2020-03-26,1.3041159293817608
2020-03-27,1.2322746190508211
2020-03-30,1.2525924682822103
2020-03-31,1.2254104853326229
2020-04-01,1.1909562327985552
2020-04-02,1.2125505135262187
2020-04-03,1.1669725448076844
2020-04-06,1.2430855205746176
2020-04-07,1.2814340135597826
2020-04-08,1.3194706987984215
2020-04-09,1.3036507350473308
2020-04-13,1.3230150365845532
2020-04-14,1.3411821172048124
2020-04-15,1.3229418674901048
2020-04-16,1.3058308719876544
2020-04-17,1.3256073370477335
2020-04-20,1.3253131502987237
2020-04-22,1.3540838759481832
2020-04-23,1.3370695442035367
2020-04-24,1.2641909444854722
2020-04-27,1.3129925488353416
2020-04-28,1.3645739074981598
2020-04-29,1.3957642478351404
2020-04-30,1.3510419883198015
2020-05-04,1.3236930254413695
2020-05-05,1.333670873330206
2020-05-06,1.3268389608646087
2020-05-07,1.310978217090695
2020-05-08,1.3469717057125652
2020-05-11,1.326854400214814
2020-05-12,1.306839464321681
2020-05-13,1.3051654695576345
2020-05-14,1.3259517016849085
2020-05-15,1.3015476270390065
2020-05-18,1.3625946499295216
2020-05-19,1.3550102369604677
2020-05-20,1.3646950728334621
2020-05-21,1.3933525206417459
2020-05-22,1.3790227898234604
2020-05-25,1.437596160300738
2020-05-26,1.4343309055514595
2020-05-27,1.4759053836342952
2020-05-28,1.4591711418406454
2020-05-29,1.466781734577438
2020-06-01,1.487213868564147
2020-06-02,1.5279314627106195
2020-06-03,1.5607528361415117
2020-06-04,1.5746225750151104
2020-06-05,1.588189904007525
2020-06-08,1.638663321474129
2020-06-09,1.6235911592938246
2020-06-10,1.5890108746727596
2020-06-12,1.5572811639927568
2020-06-15,1.5502369604618447
2020-06-16,1.5696309659663086
2020-06-17,1.603465295025851
2020-06-18,1.6131643955158828
2020-06-19,1.620663556420763
2020-06-22,1.5999187755924082
2020-06-23,1.6106457676042227
2020-06-24,1.5838316439551658
2020-06-25,1.6107788480902265
2020-06-26,1.574721252601202
2020-06-29,1.6066212995905287
2020-06-30,1.5952174934550654
2020-07-01,1.6144727126267107
2020-07-02,1.6150057058468221
2020-07-03,1.6238982681076801
2020-07-06,1.6603537625025246
2020-07-07,1.640616231456005
2020-07-08,1.6743283882661013
2020-07-09,1.6640989796603416
2020-07-10,1.678724407598853
2020-07-13,1.6563244277371356
2020-07-14,1.685578136537565
2020-07-15,1.7082389071625235
2020-07-16,1.6874751627844606
2020-07-17,1.7266605692421368
2020-07-20,1.7524731489561731
2020-07-21,1.7505158756796746
2020-07-22,1.7501773847083382
2020-07-23,1.7166763442303892
2020-07-24,1.7181576827549245
2020-07-27,1.7533241592266975
2020-07-28,1.747148251325778
2020-07-29,1.7722556555011153
2020-07-30,1.7622457541787013
2020-07-31,1.727063167080628
2020-08-03,1.7256823521514477
2020-08-04,1.6985948513123523
2020-08-05,1.7252091025038674
2020-08-06,1.7474263274484871
2020-08-07,1.7247692488420563
2020-08-10,1.7359951668121176
2020-08-11,1.7146808082164269
2020-08-12,1.7137307847217635
2020-08-13,1.685919983889381
2020-08-14,1.7009037054440563
2020-08-17,1.6714004497549917
2020-08-18,1.7128507417600936
2020-08-19,1.6925172853594759
2020-08-20,1.7028238907162592
2020-08-21,1.7037203799422778
2020-08-24,1.716754212257509
2020-08-25,1.713728267436404
2020-08-26,1.6887180304759422
2020-08-27,1.688656105256099
2020-08-28,1.7141526817480102
2020-08-31,1.6676033765187692
2020-09-01,1.7145675303752506
2020-09-02,1.710262636772512
2020-09-03,1.6902960327582808
2020-09-04,1.6990288313083244
2020-09-08,1.6790365509834266
2020-09-09,1.6998732966369143
2020-09-10,1.65863244277372
2020-09-11,1.650721957441103
2020-09-14,1.6827972074914488
2020-09-15,1.6831897361885022
2020-09-16,1.6727475330603554
2020-09-17,1.6798320131570192
2020-09-18,1.6494883197959398
2020-09-21,1.6276887964019677
2020-09-22,1.6327706920856622
2020-09-23,1.6066124051822592
2020-09-24,1.628047090018132
2020-09-25,1.627834127676721
2020-09-28,1.5886817815667658
2020-09-29,1.570456299926167
2020-09-30,1.5876246895348134
2020-10-01,1.6023112035980478
2020-10-02,1.5777619654964161
2020-10-05,1.6125594079344914
2020-10-06,1.6046021010941878
2020-10-07,1.6031123716184543
2020-10-08,1.6432793515472994
2020-10-09,1.6359553937034381
2020-10-13,1.653064711015649
2020-10-14,1.6670207088675653
2020-10-15,1.6623155668926712
2020-10-16,1.6498140565214552
2020-10-19,1.6556630529636918
2020-10-20,1.6872496140162532
2020-10-21,1.6874612338054722
2020-10-22,1.7103733973283293
2020-10-23,1.6993312411895094
2020-10-26,1.6952567631066742
2020-10-27,1.6715704504262685
2020-10-28,1.6004692219910126
2020-10-29,1.620832382358872
2020-10-30,1.5767000067127683
2020-11-03,1.6107221252601274
2020-11-04,1.6423912532724787
2020-11-05,1.690800161106271
2020-11-06,1.6937153453715599
2020-11-09,1.7371813116735
2020-11-10,1.7632234678123202
2020-11-11,1.758891555346723
2020-11-12,1.7202626367725131
2020-11-13,1.7574511646640352
2020-11-16,1.7860965295025935
2020-11-17,1.799836040813596
2020-11-18,1.7808802107807031
2020-11-19,1.7901238504396948
2020-11-20,1.7795945492381107
2020-11-23,1.8020225548768298
2020-11-24,1.8424229710680096
2020-11-25,1.8482333691347343
2020-11-26,1.8498202658253433
2020-11-27,1.8556667449822206
2020-11-30,1.8274370678660226
2020-12-01,1.8695024165939544
2020-12-02,1.877534570718946
2020-12-03,1.8844665033228258
2020-12-04,1.9089450896153684
2020-12-07,1.906252433375857
2020-12-08,1.9096640263140323
2020-12-09,1.896374437806279
2020-12-10,1.9320774316976668
2020-12-11,1.932066859099157
2020-12-14,1.9233926293884769
2020-12-15,1.9491949721420518
2020-12-16,1.9778705444049238
2020-12-17,1.9869868094247267
2020-12-18,1.9806617104115025
2020-12-21,1.9437230650466637
2020-12-22,1.957376988655444
2020-12-23,1.9770230583339028
2020-12-28,1.9991223065046755
2020-12-29,2.0039127005437436
2020-12-30,1.997335705175549
2021-01-04,1.9946081425790532
2021-01-05,2.003359904678805
2021-01-06,1.9987259179700714
2021-01-07,2.053868564140441
2021-01-08,2.0990237967376086
2021-01-11,2.0684555615224647
2021-01-12,2.0809223333557196
2021-01-13,2.0462690474592304
2021-01-14,2.072238034503602
2021-01-15,2.019681815130574
2021-01-18,2.0346652010472015
2021-01-19,2.0245081224407704
2021-01-20,2.007894206887303
2021-01-21,1.9857855608511887
2021-01-22,1.9698679264281505
2021-01-26,1.9544884876149664
2021-01-27,1.9447254480768044
2021-01-28,1.9950870980734483
2021-01-29,1.931052393099292
2021-02-01,1.9721683896086564
2021-02-02,1.9841882593810936
2021-02-03,2.0092085654829934
2021-02-04,2.0014234409612777
2021-02-05,2.017860307444462
2021-02-08,2.00873263073103
2021-02-09,2.0049610659864503
2021-02-10,1.9875701483520272
2021-02-11,2.0020781029737633
2021-02-12,2.0042411223736427
2021-02-17,2.019799120628325
2021-02-18,2.0003854802980574
2021-02-19,1.987489595220525
2021-02-22,1.8907783446331576
2021-02-23,1.9337359871115092
2021-02-24,1.9411253943747167
2021-02-25,1.8838752769013996
2021-02-26,1.846599483117416
2021-03-01,1.8516283479895381
2021-03-02,1.8718500369201956
2021-03-03,1.8658781969524167
2021-03-04,1.8911554339800063
2021-03-05,1.933312579714047
2021-03-08,1.8562727394777574
2021-03-09,1.8683395985769051
2021-03-10,1.8926040477948685
2021-03-11,1.929646237497493
2021-03-12,1.9158286903403474
2021-03-15,1.9274139088407167
2021-03-16,1.9134520373229613
2021-03-17,1.955921326441576
2021-03-18,1.9271569779150268
2021-03-19,1.9504192119218742
2021-03-22,1.9295640061757506
2021-03-23,1.9007484728468922
2021-03-24,1.8806502987178726
2021-03-25,1.9089397194066018
2021-03-26,1.9262371618446765
2021-03-29,1.9369456937638554
2021-03-30,1.9609597569980637
2021-03-31,1.957335705175549
2021-04-01,1.9341697992884572
2021-04-05,1.9721829898637413
2021-04-06,1.9718545680338424
2021-04-07,1.9739474390817044
2021-04-08,1.9855210780694201
2021-04-09,1.9747247768007081
2021-04-12,1.9938870242330773
2021-04-13,2.002032791837293
2021-04-14,2.0187735785728775
2021-04-15,2.0255868631268146
2021-04-16,2.032522152111174
2021-04-19,2.0294988923944524
2021-04-20,2.0148685977042464
2021-04-22,2.0032805262804696
2021-04-23,2.0227237027589555
2021-04-26,2.0238069745586467
2021-04-27,2.003563972611946
2021-04-28,2.0314915754850076
2021-04-29,2.014931697657257
2021-04-30,1.9952648184198267
2021-05-03,2.0005618580922437
2021-05-04,1.9754312948915995
2021-05-05,2.00651876216689
2021-05-06,2.0124959723434355
2021-05-07,2.048031650667931
2021-05-10,2.0458654427065963
2021-05-11,2.0635700140968094
2021-05-12,2.00896203933679
2021-05-13,2.0256748002953726
2021-05-14,2.0453920252399924
2021-05-17,2.0631313351681655
2021-05-18,2.0638376854400327
2021-05-19,2.0580704168624666
2021-05-20,2.059152681748014
2021-05-21,2.05733486608043
2021-05-24,2.081486540914289
2021-05-25,2.0639677451836054
2021-05-26,2.0807741491575595
2021-05-27,2.087107639121982
2021-05-28,2.1071586561052675
2021-05-31,2.1181400617574124
2021-06-01,2.1525651137813098
2021-06-02,2.1749587165201163
2021-06-04,2.183758139222674
2021-06-07,2.194674598912545
2021-06-08,2.1780746123380665
2021-06-09,2.1800832382358983
2021-06-10,2.1829255890447863
2021-06-11,2.172266731556701
2021-06-14,2.185137275961615
2021-06-15,2.1831758072095173
2021-06-16,2.169220144995649
2021-06-17,2.149043767201462
2021-06-18,2.15488605088274
2021-06-21,2.1693119420017575
2021-06-22,2.1609627777404965
2021-06-23,2.155265825333972
2021-06-24,2.17348492985166
2021-06-25,2.1355912264214387
2021-06-28,2.1385038934013676
2021-06-29,2.1367966704705763
2021-06-30,2.127973081828568
2021-07-01,2.1089177351144643
2021-07-02,2.1417340739746376
2021-07-05,2.1299598912532844
2021-07-06,2.0993300664563455
2021-07-07,2.1316155937437187
2021-07-08,2.1049165939451013
2021-07-12,2.1412672014499683
2021-07-13,2.1508985030543184
2021-07-14,2.15490551788952
2021-07-15,2.1391535208431347
2021-07-16,2.1138527891521903
2021-07-19,2.087577532389084
2021-07-20,2.1044733839028114
2021-07-21,2.1133323823588763
2021-07-22,2.11698093575889
2021-07-23,2.0986235483654547
2021-07-26,2.114584480096676
2021-07-27,2.091226924884217
2021-07-28,2.1193124454588297
2021-07-29,2.1090711217023688
2021-07-30,2.0440489695912047
2021-08-02,2.0560471907095508
2021-08-03,2.073849768409759
2021-08-04,2.0440560179902114
2021-08-05,2.0412317916359117
2021-08-06,2.0609914747935947
2021-08-09,2.064499228032502
2021-08-10,2.050789924145813
2021-08-11,2.048337584748619
2021-08-12,2.025592065516559
2021-08-13,2.0338616835604606
2021-08-16,2.000067631066669
2021-08-17,1.9786502315902643
2021-08-18,1.9574850641068782
2021-08-19,1.966246391890996
2021-08-20,1.9811500637712407
2021-08-23,1.97139810028866
2021-08-24,2.017365073504744
2021-08-25,2.027551016983297
2021-08-26,1.9924140766597416
2021-08-27,2.0251997046385295
2021-08-30,2.009464321675517
2021-08-31,1.9933716520104832
2021-09-01,2.0036853057662727
2021-09-02,1.9580633684634599
2021-09-03,1.962362220581336
2021-09-06,1.9780598442639568
2021-09-08,1.903283211384853
2021-09-09,1.9359746928911967
2021-09-10,1.9179353225481743
2021-09-13,1.9534758676243646
2021-09-14,1.9497306504665477
2021-09-15,1.9309683157682858
2021-09-16,1.909684500234957
2021-09-17,1.8701646304625195
2021-09-20,1.8266050211452072
2021-09-21,1.8502002080956
2021-09-22,1.8843102638115163
2021-09-23,1.9142169564341922
2021-09-24,1.9010987111499067
2021-09-27,1.9061389877156583
2021-09-28,1.8480877022219346
2021-09-29,1.8645839766396026
2021-09-30,1.8624404242465034
2021-10-01,1.8946707390749922
2021-10-04,1.8526060616231559
2021-10-05,1.8536893334228473
2021-10-06,1.8553999127341179
2021-10-07,1.8558338927300897
2021-10-08,1.8935557494797712
2021-10-11,1.8826018661475565
2021-10-13,1.9040061757400921
2021-10-14,1.8994676780559945
2021-10-15,1.9240113781298351
2021-10-18,1.92032254816407
2021-10-19,1.857299456266372
2021-10-20,1.8592070551117774
2021-10-21,1.8079984225011843
2021-10-22,1.7838521178760918
2021-10-25,1.8244369671746088
2021-10-26,1.7859221655366948
2021-10-27,1.784975162784463
2021-10-28,1.7739303215412596
2021-10-29,1.7369388131838719
2021-11-01,1.7713442303819658
2021-11-03,1.7724521715781798
2021-11-04,1.735451600993498
2021-11-05,1.7591499966436288
2021-11-08,1.7584266966503417
2021-11-09,1.7710794119621496
2021-11-10,1.7783364100154488
2021-11-11,1.805643250318866
2021-11-12,1.7844958716520198
2021-11-16,1.7520920319527518
2021-11-17,1.7276708397664051
2021-11-18,1.7189031348593768
2021-11-19,1.7291236490568662
2021-11-22,1.7138076458347407
2021-11-23,1.739508290259793
2021-11-24,1.7539469356246316
2021-11-25,1.7757140699469784
2021-11-26,1.7155175538699154
2021-11-29,1.7254150164462732
2021-11-30,1.7103351345908657
2021-12-01,1.6911889977847974
2021-12-02,1.7531422434047212
2021-12-03,1.7632692824058622
2021-12-06,1.7932951265355528
2021-12-07,1.8050223199301962
2021-12-08,1.814048633953154
2021-12-09,1.783769215278253
2021-12-10,1.8083899442840932
2021-12-13,1.8020963952473745
2021-12-14,1.7916345572934238
2021-12-15,1.8028995770960687
2021-12-16,1.8179218970262565
2021-12-17,1.7990293347653985
2021-12-20,1.7624316976572558
2021-12-21,1.7704886889977942
2021-12-22,1.766189836879918
2021-12-23,1.760275894475407
2021-12-27,1.7714036383164489
2021-12-28,1.7598202658253432
2021-12-29,1.7471175404443942
2021-12-30,1.7591199570383391
2022-01-03,1.7440019802644922
2022-01-04,1.737155803181858
2022-01-05,1.695066791971547
2022-01-06,1.7043876283815624
2022-01-07,1.7238281197556646
2022-01-10,1.7108343961871608
2022-01-11,1.7416087131637334
2022-01-12,1.773606430825008
2022-01-13,1.7709857689467774
2022-01-14,1.7944517352487175
2022-01-17,1.7851559038732725
2022-01-18,1.7900862589783273
2022-01-19,1.8126715110425013
2022-01-20,1.8309389474390914
2022-01-21,1.8282486406659153
2022-01-24,1.8113900449755078
2022-01-25,1.8494289118614582
2022-01-26,1.8676441565415949
2022-01-27,1.889837719003836
2022-01-28,1.8780643753776027
2022-01-31,1.8819814392159593
2022-02-01,1.9001864469356347
2022-02-02,1.8778002282338824
2022-02-03,1.8744703631603776
2022-02-04,1.8836836275760318
2022-02-07,1.8795126535544167
2022-02-08,1.8835077532389173
2022-02-09,1.8873160703497451
2022-02-10,1.9025268510438447
2022-02-11,1.9059600926361115
2022-02-14,1.9114450896153687
2022-02-15,1.927035309122652
2022-02-16,1.9329554608310495
2022-02-17,1.9052238705779785
2022-02-18,1.8943386252265655
2022-02-21,1.8749630798147374
2022-02-22,1.894539168960203
2022-02-23,1.8797007786802808
2022-02-24,1.8727238705779783
2022-02-25,1.8987369940256524
2022-03-02,1.9328322816674597
2022-03-03,1.9326970195341442
2022-03-04,1.9210878029133478
2022-03-07,1.8727505538027884
2022-03-08,1.8662054440491467
2022-03-09,1.9114643888031242
2022-03-10,1.9074835537356611
2022-03-11,1.8747578371484286
2022-03-14,1.8447945895146765
2022-03-15,1.8285443377861403
2022-03-16,1.864677955293021
2022-03-17,1.8976359334094204
2022-03-18,1.9351364368664925
2022-03-21,1.9492939853661906
2022-03-22,1.9680546418742124
2022-03-23,1.9711576156273167
2022-03-24,1.9979343156340297
2022-03-25,1.9984079009196576
2022-03-28,1.9926458347318345
2022-03-29,2.0140660871316465
2022-03-30,2.018187554541192
2022-03-31,2.0138153655098434
2022-04-01,2.0401783916224834
2022-04-04,2.0353008995099775
2022-04-05,1.995118983688
2022-04-06,1.9840865610525698
2022-04-07,1.9947324964758093
2022-04-08,1.9856726186480587
2022-04-11,1.9626913136873283
2022-04-12,1.949165268174809
2022-04-13,1.959823454386798
2022-04-14,1.9497484392830857
2022-04-18,1.9414521380143739
2022-04-19,1.930869638182193
2022-04-20,1.9189061556018074
2022-04-22,1.864091931261336
2022-04-25,1.8575040276565833
2022-04-26,1.8160176545613291
2022-04-27,1.8350904544539248
2022-04-28,1.844649426058946
2022-04-29,1.8103671880244425
2022-05-02,1.7895992481707803
2022-05-03,1.7877440088608523
2022-05-04,1.8182140699469773
2022-05-05,1.7672046385178302
2022-05-06,1.7643607773377268
2022-05-09,1.732731758072103
2022-05-10,1.7303809491844073
2022-05-11,1.75197858629255
2022-05-12,1.7736396589917514
2022-05-13,1.7943911525810647
2022-05-16,1.816351278780971
2022-05-17,1.8256919178358142
2022-05-18,1.783029301201592
2022-05-19,1.7957511579512733
2022-05-20,1.8206330133584026
2022-05-23,1.8518127810968734
2022-05-24,1.8557560247029683
2022-05-25,1.8557395784386197
2022-05-26,1.8777250453111445
2022-05-27,1.8785943478552807
2022-05-30,1.8633300328925366
2022-05-31,1.8686733906155681
2022-06-01,1.8688316439551669
2022-06-02,1.8861668456736336
2022-06-03,1.864508290259792
2022-06-06,1.8491291870846558
2022-06-07,1.8471799691213073
2022-06-08,1.818615660871324
2022-06-09,1.797236188494335
2022-06-10,1.7701757065180979
2022-06-13,1.7217926428139962
2022-06-14,1.7128154997650602
2022-06-15,1.7252940189299932
2022-06-17,1.6752523998120497
2022-06-20,1.6757177619655033
2022-06-21,1.6728955494394913
2022-06-22,1.6701738605088343
2022-06-23,1.645974692891193
2022-06-24,1.6559082365577027
2022-06-27,1.6910049003155068
2022-06-28,1.688115224541861
2022-06-29,1.6718396321407063
2022-06-30,1.6537213868564207
2022-07-01,1.6606346915486405
2022-07-04,1.6548425857555278
2022-07-05,1.6495710545747533
2022-07-06,1.6566922870376652
2022-07-07,1.6904363294623148
2022-07-08,1.683039202524005
2022-07-11,1.6481919178358129
2022-07-12,1.6491778546016047
2022-07-13,1.6426320735718671
2022-07-14,1.6130907229643623
2022-07-15,1.6203094582801976
2022-07-18,1.6264370343022154
2022-07-19,1.648734644559314
2022-07-20,1.6494399879170372
2022-07-21,1.661964992951608
2022-07-22,1.6601466738269521
2022-07-25,1.682718836007257
2022-07-26,1.6743587635094386
2022-07-27,1.702321944015581
2022-07-28,1.7217671343223542
2022-07-29,1.7312997583406131
2022-08-01,1.7155313150298794
2022-08-02,1.734605960931739
2022-08-03,1.7415365509834273
2022-08-04,1.7770729005840185
2022-08-05,1.7868013694032436
2022-08-08,1.8191963146942423
2022-08-09,1.8233713163724325
2022-08-10,1.84996576491912
2022-08-11,1.8412757602201872
2022-08-12,1.892398805128558
2022-08-15,1.8968916560381373
2022-08-16,1.9049536819493946
2022-08-17,1.908232530039614
2022-08-18,1.9099964758005052
2022-08-19,1.8711185137947324
2022-08-22,1.8544091092166293
2022-08-23,1.893956836947045
2022-08-24,1.8946405316506765
2022-08-25,1.905278243941742
2022-08-26,1.8845885077532476
2022-08-29,1.8849956367053855
2022-08-30,1.8532362220581409
2022-08-31,1.8380022823387345
2022-09-01,1.8528109686514147
2022-09-02,1.8605128549372443
2022-09-05,1.8829856682553623
2022-09-06,1.8420448748070166
2022-09-08,1.8445935423239663
2022-09-09,1.8846145197019621
2022-09-12,1.9031776532187776
2022-09-13,1.8593334228368212
2022-09-14,1.8551834261932016
2022-09-15,1.8452314224340554
2022-09-16,1.8339325031885698
2022-09-19,1.8766176075720027
2022-09-20,1.8882478015707946
2022-09-21,1.878496677183334
2022-09-22,1.9143196616768563
2022-09-23,1.8748070081224493
2022-09-26,1.8311431831912548
2022-09-27,1.818761327784126
2022-09-28,1.8200174531785005
2022-09-29,1.8068126132778495
2022-09-30,1.8466266697992968
2022-10-03,1.948957172585093
2022-10-04,1.9505625293683377
2022-10-05,1.966802376317388
2022-10-06,1.9728943747063254
2022-10-07,1.9529980868631354
2022-10-10,1.9457045042626118
2022-10-11,1.9270175203061104
2022-10-13,1.9181729542861066
2022-10-14,1.8807870712224024
2022-10-17,1.9068265422568391
2022-10-18,1.9423889038061446
2022-10-19,1.95130294690207
2022-10-20,1.9663541317043791
2022-10-21,2.012633248305037
2022-10-24,1.946913808149301
2022-10-25,1.923635463516153
2022-10-26,1.8923909176344318
2022-10-27,1.9238900449755074
2022-10-28,1.9221831576827642
2022-10-31,1.9473229509297267
2022-11-01,1.9622853594683587
2022-11-03,1.961743304020953
2022-11-04,1.9828733973283308
2022-11-07,1.9356648989729568
2022-11-08,1.9493916560381381
2022-11-09,1.9060899845606591
2022-11-10,1.842241055246032
2022-11-11,1.883827112841521
2022-11-14,1.8990615560179993
2022-11-16,1.8500928039202613
2022-11-17,1.841021346579857
2022-11-18,1.8270485668255443
2022-11-21,1.8417832449486562
2022-11-22,1.8298405719272424
2022-11-23,1.826561556017999
2022-11-24,1.8767396120024258
2022-11-25,1.8288363428878387
2022-11-28,1.825571423776608
2022-11-29,1.8612742498489723
2022-11-30,1.887729240786745
2022-12-01,1.8615425924682916
2022-12-02,1.878296469087745
2022-12-05,1.8359637846546377
2022-12-06,1.8491738269450317
2022-12-07,1.8303777606229534
2022-12-08,1.799842921393578
2022-12-09,1.8043827616298673
2022-12-12,1.7678614821776286
2022-12-13,1.737592636101237
2022-12-14,1.7410513861851464
2022-12-15,1.7409157884137831
2022-12-16,1.7261143183191328
2022-12-19,1.757732261529175
2022-12-20,1.79338306370411
2022-12-21,1.8029324696247653
2022-12-22,1.8049191112304577
2022-12-23,1.8409339128683717
2022-12-26,1.8248263073102056
2022-12-27,1.822148754782851
2022-12-28,1.8499817077263971
2022-12-29,1.8415553467141128
2023-01-02,1.7851919849634243
2023-01-03,1.7480992817345864
2023-01-04,1.7677126267033723
2023-01-05,1.8064261260656602
2023-01-06,1.828618178156685
2023-01-09,1.8314017923071853
2023-01-10,1.8597152111163413
2023-01-11,1.8882506544942026
2023-01-12,1.8770594750621021
2023-01-13,1.8613828287574772
2023-01-16,1.8327962005773066
2023-01-17,1.8701604349869194
2023-01-18,1.8834058870913701
2023-01-19,1.8950439685842886
2023-01-20,1.880255084916436
2023-01-23,1.8751641270054469
2023-01-24,1.8968273813519598
2023-01-25,1.9176691615761663
2023-01-26,1.9161164999664462
2023-01-27,1.8848788346647074
2023-01-30,1.8841546955763002
2023-01-31,1.9035802510572697
2023-02-01,1.8808073773243035
2023-02-02,1.8483694703631701
2023-02-03,1.8212302812646939
2023-02-06,1.8245549439484559
2023-02-07,1.8095880042961767
2023-02-08,1.8451951735248808
2023-02-09,1.812580553131513
2023-02-10,1.813758978317792
2023-02-13,1.826483016714785
2023-02-14,1.8099082029939015
2023-02-15,1.8392988521178866
2023-02-16,1.8450268510438448
2023-02-17,1.8321964153856585
2023-02-22,1.7982152446801472
2023-02-23,1.8056130428945527
2023-02-24,1.7754989259582565
2023-02-27,1.7740325233268543
2023-02-28,1.7609574075317276
2023-03-01,1.7517733436262435
2023-03-02,1.7340003020742532
2023-03-03,1.7430689064912497
2023-03-06,1.7570705511176847
2023-03-07,1.7491429482446226
2023-03-08,1.7879492515271633
2023-03-09,1.763294455259458
2023-03-10,1.7389105188964316
2023-03-13,1.7305725985097766
2023-03-14,1.7274011545948944
2023-03-15,1.723089380412173
2023-03-16,1.7358303685305863
2023-03-17,1.7114440827012243
2023-03-20,1.6936780895482402
2023-03-21,1.6949407598845494
2023-03-22,1.681892830771305
2023-03-23,1.6433902799221403
2023-03-24,1.6585431630529723
2023-03-27,1.6726600993488712
2023-03-28,1.6980783043565908
2023-03-29,1.7082721353292698
2023-03-30,1.7405089950996933
2023-03-31,1.7097771363361838
2023-04-03,1.7034668053970683
2023-04-04,1.709563167080629
2023-04-05,1.6946004229039493
2023-04-06,1.6919804323018146
2023-04-10,1.709180371886966
2023-04-11,1.7824689534805758
2023-04-12,1.7938126804054604
2023-04-13,1.786565248036527
2023-04-14,1.7835700140968074
2023-04-17,1.7791446264348623
2023-04-18,1.7816209639524831
2023-04-19,1.7438568168087627
2023-04-20,1.7514737866684662
2023-04-24,1.7444213600053793
2023-04-25,1.7322294757333783
2023-04-26,1.7169916761764206
2023-04-27,1.7272489427401583
2023-04-28,1.7525614217627807
2023-05-02,1.7105281264684258
2023-05-03,1.708348828623222
2023-05-04,1.7146798013022848
2023-05-05,1.7645915284956797
2023-05-08,1.7795890112103205
2023-05-09,1.797570987447147
2023-05-10,1.8031853728938814
2023-05-11,1.8167483385916727
2023-05-12,1.8202295764247938
2023-05-15,1.8297160502114618
2023-05-16,1.8156957776733669
2023-05-17,1.836946197220927
2023-05-18,1.8478294287440524
2023-05-19,1.858503557763318
2023-05-22,1.849585822648865
2023-05-23,1.8448098610458576
2023-05-24,1.825863261059283
2023-05-25,1.8469218634624518
2023-05-26,1.861205444049147
2023-05-29,1.8516043498691106
2023-05-30,1.8286740618916653
2023-05-31,1.8180685708532014
2023-06-01,1.855485332617315
2023-06-02,1.8889398872256256
2023-06-05,1.891258642679744
2023-06-06,1.9233755118480331
2023-06-07,1.938111029066265
2023-06-09,1.9638094918440054
2023-06-12,1.9691270054373464
2023-06-13,1.9591647647177388
2023-06-14,1.9982004766060386
2023-06-15,2.0007551856078507
2023-06-16,1.992992213197298
2023-06-19,2.0114412297778177
2023-06-20,2.0074914412297877
2023-06-21,2.020881049875824
2023-06-22,1.9959421360005472
2023-06-23,1.996662079613355
2023-06-26,1.984341645968997
2023-06-27,1.9722573336913571
2023-06-28,1.95813452372962
2023-06-29,1.9866860777337816
2023-06-30,1.9817245082902692
2023-07-03,2.008336913472521
2023-07-04,1.9983280190642505
2023-07-05,2.0062631737933905
2023-07-06,1.9706266362354927
2023-07-07,1.9953344633147705
2023-07-10,1.9792985164798371
2023-07-11,1.9728052628046004
2023-07-12,1.9746675505135354
2023-07-13,2.001474961401634
2023-07-14,1.9754067933140993
2023-07-17,1.9839474390817038
2023-07-18,1.9775993488621963
2023-07-19,1.9727473652413332
2023-07-20,1.9816557024904433
2023-07-21,2.0174661005571686
2023-07-24,2.0363443982009892
2023-07-25,2.047522487749221
2023-07-26,2.056796334832526
2023-07-27,2.013654427065861
2023-07-28,2.0169683493320893
2023-07-31,2.046435188292954
2023-08-01,2.0347786467074
2023-08-02,2.0282392428005727
2023-08-03,2.0236586225414603
2023-08-04,2.0055662213868652
2023-08-07,2.0034151171376875
2023-08-08,1.9985607840504889
2023-08-09,1.9871244210243764
2023-08-10,1.986131435859578
2023-08-11,1.9813576559038821
2023-08-14,1.9602864670739162
2023-08-15,1.949577431697666
2023-08-16,1.939845606497961
2023-08-17,1.9296217359199923
2023-08-18,1.9367745183594098
2023-08-21,1.9203421829898724
2023-08-22,1.9493188225817364
2023-08-23,1.9825231590253158
2023-08-24,1.9639121970866706
2023-08-25,1.9439685842787224
2023-08-28,1.9655128549372443
2023-08-29,1.9870378264080104
2023-08-30,1.9724625763576649
2023-08-31,1.9423677586091248
2023-09-01,1.9784681479492605
2023-09-04,1.9765157414244567
2023-09-05,1.9690424246492673
2023-09-06,1.9464546552997333
2023-09-08,1.935178223803459
2023-09-11,1.9615248036517507
2023-09-12,1.9797294757333779
2023-09-13,1.9832175941464816
2023-09-14,2.0036173390615653
2023-09-15,1.9929772773041645
2023-09-18,1.9851011948714599
2023-09-19,1.977676377794196
2023-09-20,1.991933275156081
2023-09-21,1.9491348929314716
2023-09-22,1.946845673625571
2023-09-25,1.9454354903671969
2023-09-26,1.9163829965765005
2023-09-27,1.9186253943747151
2023-09-28,1.9421823185876437
2023-09-29,1.9561853057662704
2023-10-02,1.9308729945626724
2023-10-03,1.903387259179709
2023-10-04,1.9065491374102255
2023-10-05,1.9011223736322835
2023-10-06,1.9159835872994653
2023-10-09,1.932537927099425
2023-10-10,1.9590681009599338
2023-10-11,1.964334094112918
2023-10-13,1.9425736725515297
2023-10-16,1.9556596965832138
2023-10-17,1.945163959186422
2023-10-18,1.914137745854879
2023-10-19,1.9132090353762592
2023-10-20,1.8989608646036202
2023-10-23,1.8927388064711104
2023-10-24,1.9091411022353582
2023-10-25,1.8935015439350293
2023-10-26,1.9261740618916652
2023-10-27,1.9014121970866706
2023-10-30,1.8884929851648071
2023-10-31,1.8987660267167974
2023-11-01,1.9308075451433264
2023-11-03,1.982949083708138
2023-11-06,1.9875016781902486
2023-11-07,2.0015449419346267
2023-11-08,2.0000112438746145
2023-11-09,1.9976193193260476
2023-11-10,2.023362757602211
2023-11-13,2.0207117204806426
2023-11-14,2.066955762905292
2023-11-16,2.091683560448421
2023-11-17,2.0939318319124745
2023-11-20,2.1137990870645185
2023-11-21,2.1082437739142197
2023-11-22,2.115112103108017
2023-11-23,2.1241818822581817
2023-11-24,2.1064185742095813
2023-11-27,2.110012922064854
2023-11-28,2.1235537356514826
2023-11-29,2.1172994562663714
2023-11-30,2.1368584278713927
2023-12-01,2.151186648318463
2023-12-04,2.1279920453782735
2023-12-05,2.1296779552930216
2023-12-06,2.1081870510841205
2023-12-07,2.114680304759357
2023-12-08,2.1328718869571155
2023-12-11,2.1298988051285592
2023-12-12,2.1212833120762666
2023-12-13,2.172670336309334
2023-12-14,2.195779183728277
2023-12-15,2.1849550245015874
2023-12-18,2.1998358729945724
2023-12-19,2.212708934684846
2023-12-20,2.195142813989404
2023-12-21,2.2182655903873365
2023-12-22,2.2278467141035208
2023-12-26,2.2409364301537327
2023-12-27,2.25202591125731
2023-12-28,2.2518836007249883
2024-01-02,2.2269018929986
2024-01-03,2.2292063838356815
2024-01-04,2.202220413506085
2024-01-05,2.215595757535084
2024-01-08,2.2223692689803416
2024-01-09,2.2059238437269344
2024-01-10,2.195762401825881
2024-01-11,2.1925345707189465
2024-01-12,2.1982222930791533
2024-01-15,2.207171074713039
2024-01-16,2.1697999597234436
2024-01-17,2.1568743706786693
2024-01-18,2.1366003222125354
2024-01-19,2.1419690206081854
2024-01-22,2.1246148553400106
2024-01-23,2.152489091763452
2024-01-24,2.144990602134668
2024-01-25,2.1509151171376883
2024-01-26,2.1643169765724743
2024-01-29,2.156519097804937
2024-01-30,2.138044740551799
2024-01-31,2.1439262938846846
2024-02-01,2.156155937437078
2024-02-02,2.134360106061633
2024-02-05,2.1412614956031515
2024-02-06,2.188633785325915
2024-02-07,2.180806538229184
2024-02-08,2.151723837014174
2024-02-09,2.1485148016379236
2024-02-14,2.1316085453447102
2024-02-15,2.1447964355239413
2024-02-16,2.1602651540578743
2024-02-19,2.16546519433444
2024-02-20,2.180239477747208
2024-02-21,2.1821772840169262
2024-02-22,2.185684198160714
2024-02-23,2.1718924951332585
2024-02-26,2.175086426797352
2024-02-27,2.2099981539907465
2024-02-28,2.184255722628727
2024-02-29,2.1652013828287675
2024-03-01,2.1678923608780387
2024-03-04,2.1537984157884233
2024-03-05,2.1497299791904507
2024-03-06,2.163023259716731
2024-03-07,2.153785325904554
2024-03-08,2.132489595220524
2024-03-11,2.116593273813529
2024-03-12,2.1425092300463278
2024-03-13,2.1481850372558333
2024-03-14,2.1428806135463616
2024-03-15,2.126968684970138
2024-03-18,2.1305326575820733
2024-03-19,2.1401767134322447
2024-03-20,2.1669602940189403
2024-03-21,2.150744613009341
2024-03-22,2.131756393904823
2024-03-25,2.1301515405786504
2024-03-26,2.129002819359613
2024-03-27,2.1428915217829196
2024-03-28,2.149864066590599
2024-04-01,2.131141337181993
2024-04-02,2.140506813452383
2024-04-03,2.1366447942538866
2024-04-04,2.138476371081436
2024-04-05,2.1278681949385887
2024-04-08,2.1624682822044816
2024-04-09,2.179807511579523
2024-04-10,2.1489853661811207
2024-04-11,2.1379531113647148
2024-04-12,2.1136149895952308
2024-04-15,2.1033411089481207
2024-04-16,2.087477680069823
2024-04-17,2.0838281197556654
2024-04-18,2.084248170772649
2024-04-19,2.0998237900248475
2024-04-22,2.1073565147345206
2024-04-23,2.100222695844811
2024-04-24,2.0933860844465433
2024-04-25,2.0917899577096164
2024-04-26,2.123351513727606
2024-04-29,2.1372053097939285
2024-04-30,2.1132474659327483
2024-05-02,2.1333531919178466
2024-05-03,2.1566199570383406
2024-05-06,2.155898670873341
2024-05-07,2.168397663959197
2024-05-08,2.172935658186223
2024-05-09,2.1512442102436844
2024-05-10,2.1413635295697233
2024-05-13,2.1506811774182832
2024-05-14,2.156734409612685
2024-05-15,2.148546519433454
2024-05-16,2.1528431899040186
2024-05-17,2.150612707256506
2024-05-20,2.1439034704974267
2024-05-21,2.1382081962811417
2024-05-22,2.1086465395717364
2024-05-23,2.0931966167684872
2024-05-24,2.086083943075798
2024-05-27,2.089274350540388
2024-05-28,2.07725615895819
2024-05-29,2.0592615962945664
2024-05-31,2.0490382291736697
2024-06-03,2.0479220648452814
2024-06-04,2.044070282607247
2024-06-05,2.037445962274294
2024-06-06,2.0624756662415358
2024-06-07,2.0267031952742265
2024-06-10,2.026574310263822
2024-06-11,2.0412677049070385
2024-06-12,2.0127545814593644
2024-06-13,2.0065706182452945
2024-06-14,2.0081623816875984
2024-06-17,1.9993599382426095
2024-06-18,2.0076263677250554
2024-06-19,2.0182140699469793
2024-06-20,2.0213115056722932
2024-06-21,2.036335000335648
2024-06-24,2.0580814929180478
2024-06-25,2.052953447002763
2024-06-26,2.0581543263744484
2024-06-27,2.086121870175214
2024-06-28,2.0793876283815647
2024-07-01,2.0930064778143365
2024-07-02,2.0941645968987155
2024-07-03,2.1088455729341593
2024-07-04,2.117271598308396
2024-07-05,2.1190013089883983
2024-07-08,2.1237218903134973
2024-07-09,2.1331177418272254
2024-07-10,2.1349640867288837
2024-07-11,2.1530108411089603
2024-07-12,2.16313653755791
2024-07-15,2.1702517285359595
2024-07-16,2.1667177955293138
2024-07-17,2.1724226354299647
2024-07-18,2.1422444116265145
2024-07-19,2.141646975901201
2024-07-22,2.1457278311069468
2024-07-23,2.1244183392629514
2024-07-24,2.1216139155534797
2024-07-25,2.1137492448144046
2024-07-26,2.1395665234611125
2024-07-29,2.1305272873733094
2024-07-30,2.116855910586037
2024-07-31,2.1422402161509155
2024-08-01,2.137932133986722
2024-08-02,2.1120710545747596
2024-08-05,2.102261193528911
2024-08-06,2.118995435322561
2024-08-07,2.1399254883533727
2024-08-08,2.159174330402107
2024-08-09,2.1919613009330865
2024-08-12,2.2003742364234538
2024-08-13,2.2218898100288778
2024-08-14,2.237323957843874
2024-08-15,2.251349600590736
2024-08-16,2.2479903671880375
2024-08-19,2.278612807947922
2024-08-20,2.2838056320064575
2024-08-21,2.2901196549641
2024-08-22,2.268466637578049
2024-08-23,2.2757681076726985
2024-08-26,2.2972529703967375
2024-08-27,2.2953599718064175
2024-08-28,2.304892931462724
2024-08-29,2.2830326575820767
2024-08-30,2.2824060213465933
2024-09-02,2.2639804994294286
2024-09-03,2.2547069879841715
2024-09-04,2.2841969859703433
2024-09-05,2.2907714640531784
2024-09-06,2.258381721151923
2024-09-09,2.2611467073907625
2024-09-10,2.254138081492931
2024-09-11,2.260132073571873
2024-09-12,2.2492688125125992
2024-09-13,2.263575719943626
2024-09-16,2.2675407800228364
2024-09-17,2.2648887359871246
2024-09-18,2.244540679331422
2024-09-19,2.2340516546955893
2024-09-20,2.1995274216285288
2024-09-23,2.1911856414043225
2024-09-24,2.2178250654494325
2024-09-25,2.2082709605961064
2024-09-26,2.2321571457340537
2024-09-27,2.2274679465664358
2024-09-30,2.2121306303282675
2024-10-01,2.22352084312279
2024-10-02,2.2406346915486473
2024-10-03,2.209698429213949
2024-10-04,2.211712928777619
2024-10-07,2.2155105054709137
2024-10-08,2.2070170168490435
2024-10-09,2.1810106061623276
2024-10-10,2.187568973618862
2024-10-11,2.1815179230717723
2024-10-14,2.1985173189232863
2024-10-15,2.1991553668523998
2024-10-16,2.2110109418003763
2024-10-17,2.194962240719622
2024-10-18,2.1900258441297042
2024-10-21,2.1877149761697123
2024-10-22,2.18083120762571
2024-10-23,2.168777438410432
2024-10-24,2.1827708599046924
2024-10-25,2.179857018191596
2024-10-28,2.2019967107471436
2024-10-29,2.1938969255554945
2024-10-30,2.192376485198376
2024-10-31,2.176836443579258
2024-11-01,2.15010992146071
2024-11-04,2.190286467073921
2024-11-05,2.1927359535477073
2024-11-06,2.187368597704249
2024-11-07,2.1763056320064575
2024-11-08,2.145227226958461
2024-11-11,2.1459639524736653
2024-11-12,2.143020742431375
2024-11-13,2.143617506880593
2024-11-14,2.1445861582869163
2024-11-18,2.1441932939518153
2024-11-19,2.1513937369940384
2024-11-21,2.129994461972222
2024-11-22,2.1669717057125726
2024-11-25,2.1654712358193056
2024-11-26,2.1803447002752363
2024-11-27,2.1425221521111757
2024-11-28,2.091199738202335
2024-11-29,2.1089452574343954
2024-12-02,2.101690608847431
2024-12-03,2.1168557427670125
2024-12-04,2.1159800630999657
2024-12-05,2.145693428207034
2024-12-06,2.113607941196226
2024-12-09,2.134828992414592
2024-12-10,2.151918003624903
2024-12-11,2.1748222796536334
2024-12-12,2.1152280660535796
2024-12-13,2.091230113445672
2024-12-16,2.073572867020217
2024-12-17,2.0926703363093355
2024-12-18,2.026781902396467
2024-12-19,2.033763677250464
2024-12-20,2.0491063636974
2024-12-23,2.026692790494742
2024-12-26,2.0319107874068716
2024-12-27,2.01834782170908
2024-12-30,2.018584278713846
2025-01-02,2.015932570316182
2025-01-03,1.9892038665503229
2025-01-06,2.0141894341142623
2025-01-07,2.033339934214954
2025-01-08,2.007526851043846
2025-01-09,2.0101456669128126
2025-01-10,1.994637846546296
2025-01-13,1.9971626837618426
2025-01-14,2.0020586359669847
2025-01-15,2.0583036853057783
2025-01-16,2.034539504598253
2025-01-17,2.0532721353292733
2025-01-20,2.0617431362019327
2025-01-21,2.069851983620876
2025-01-22,2.0637002416594075
2025-01-23,2.055503121433859
2025-01-24,2.0548925958246755
2025-01-27,2.0954135060750616
2025-01-28,2.0818872927435184
2025-01-29,2.071425790427616
2025-01-30,2.1298378868228633
2025-01-31,2.1167842518628044
2025-02-03,2.1140239645566354
2025-02-04,2.1002117876082567
2025-02-05,2.1067005101698464
2025-02-06,2.1182912666980065
2025-02-07,2.09135060750488
2025-02-10,2.107333859166289
2025-02-11,2.1232741491575626
2025-02-12,2.0873365442706726
2025-02-13,2.0952235349399344
2025-02-14,2.15175186279118
2025-02-17,2.1573492985164937
2025-02-18,2.157006612069558
2025-02-19,2.1364838558099084
2025-02-20,2.141380479291146
2025-02-21,2.1334506947707728
2025-02-24,2.104473719540861
2025-02-25,2.1141756729542998
2025-02-26,2.0938563133516954
2025-02-27,2.094363965899188
2025-02-28,2.0608023427535884
2025-03-05,2.0649602268913343
2025-03-06,2.070174363965913
2025-03-07,2.0983189568369607
2025-03-10,2.089672081627187
2025-03-11,2.072688292944902
2025-03-12,2.0786651674833996
2025-03-13,2.1084297173927773
2025-03-14,2.1641452977109625
2025-03-17,2.1956427468617985
2025-03-18,2.2063960864603755
2025-03-19,2.2237438746056397
2025-03-20,2.2144542525340816
2025-03-21,2.2209988588306513
2025-03-24,2.2038235886420225
2025-03-25,2.2163470833053776
2025-03-26,2.223931496274432
2025-03-27,2.2344893267100905
2025-03-28,2.213569510639741
2025-03-31,2.186002886487227
2025-04-01,2.2009010203396806
2025-04-02,2.201623481237848
2025-04-03,2.2007895885077677
2025-04-04,2.135597771363376
2025-04-07,2.1076070685373036
2025-04-08,2.0798128817882935
2025-04-09,2.1446588239242943
2025-04-10,2.12047308182857
2025-04-11,2.1427535745452246
2025-04-14,2.1724828824595703
2025-04-15,2.1689835201718615
2025-04-16,2.1534015237967523
2025-04-17,2.1757741491575633
2025-04-22,2.189440491374117
2025-04-23,2.2188371819829644
2025-04-24,2.2585156407330484
2025-04-25,2.2611814459287256
2025-04-28,2.2658234879506094
2025-04-29,2.267117372625376
2025-04-30,2.2666807075250204
2025-05-02,2.2678035846143674
2025-05-05,2.240236792642829
2025-05-06,2.240649459622758
2025-05-07,2.238664160569257
2025-05-08,2.2862304490837237
2025-05-09,2.2909290461166836
2025-05-12,2.2917899577096215
2025-05-13,2.3320653487279475
2025-05-14,2.3229985903202146
2025-05-15,2.3382959656306803
2025-05-16,2.3358291937974256
2025-05-19,2.343364603611482
2025-05-20,2.3513061354635325
2025-05-21,2.3139100154393666
2025-05-22,2.303695207088692
2025-05-23,2.312953782640817
2025-05-26,2.3181872189031516
2025-05-27,2.3417673021413874
2025-05-28,2.330801671477495
2025-05-29,2.3248590320198863
2025-05-30,2.299567362556236
2025-06-02,2.2955402094381583
2025-06-03,2.3082879103175307
2025-06-04,2.2991471437202287
2025-06-05,2.286305464187437
2025-06-06,2.284052158152665
2025-06-09,2.2772937504195645
2025-06-10,2.2896568100960097
2025-06-11,2.3012693830972855
2025-06-12,2.3125417869369844
2025-06-13,2.3026889642210016
2025-06-16,2.3369790897496316
2025-06-17,2.32999966436197
2025-06-18,2.3279291132442954
2025-06-20,2.3010644760690244
2025-06-23,2.2915771631872364
2025-06-24,2.301883097267923
2025-06-25,2.278433409411308
2025-06-26,2.301031919178376
2025-06-27,2.2968683291938152
2025-06-30,2.3302443444989107
2025-07-01,2.34190491374104
2025-07-02,2.333539135396407
2025-07-03,2.3650375914613866
2025-07-04,2.370671276095877
2025-07-07,2.3409025307109
2025-07-08,2.3377668322481218
2025-07-09,2.3071891991676354
2025-07-10,2.2948120426931777
2025-07-11,2.2854821440558677
2025-07-14,2.270574444519048
2025-07-15,2.2697539773108857
2025-07-16,2.2741322078270967
2025-07-17,2.2750342350809065
2025-07-18,2.2383966570450595
2025-07-21,2.2515727998926134
2025-07-22,2.2493743706786775
2025-07-23,2.271737094717074
2025-07-24,2.245545915284974
2025-07-25,2.2407897563267944
2025-07-28,2.2173803450359304
2025-07-29,2.2273894072632245
2025-07-30,2.2486027388064884
2025-07-31,2.233185372893888
2025-08-01,2.22255135262135
2025-08-04,2.2315096999396022
2025-08-05,2.2345321205612034
2025-08-06,2.257797207491458
2025-08-07,2.2911930254413813
2025-08-08,2.2808828958850946
2025-08-11,2.276014465999883
2025-08-12,2.314453916896037
2025-08-13,2.2938732630731193
2025-08-14,2.2883093911525982
2025-08-15,2.2880574947976275
2025-08-18,2.3045183594012393
2025-08-19,2.2560290662549676
2025-08-20,2.259959387796217
2025-08-21,2.2573479559643053
2025-08-22,2.3153680271195713
2025-08-25,2.3163249311942176
2025-08-26,2.3120660200040453
2025-08-27,2.336138316439569
2025-08-28,2.3670739074981717
2025-08-29,2.3733345640061936
2025-09-01,2.370997684097487
2025-09-02,2.3550909579110066
2025-09-03,2.347177787474006
2025-09-04,2.3661349600590906
2025-09-05,2.3937729072967895
2025-09-08,2.379532456199253
2025-09-09,2.3766243203329713
2025-09-10,2.3888819896623668
2025-09-11,2.4023434248506597
2025-09-12,2.387587769349552
2025-09-15,2.408984694905033
2025-09-16,2.417630059743591
2025-09-17,2.443338088205698
2025-09-18,2.441758239914096
2025-09-19,2.4478940390682875
2025-09-22,2.4352092703229027
2025-09-23,2.457289051486896
2025-09-24,2.4584102503860032
2025-09-25,2.438514969456957
2025-09-26,2.440871652010491
2025-09-29,2.4558098946096725
2025-09-30,2.454135396388554
2025-10-01,2.442057964690897
2025-10-02,2.415748808484949
2025-10-03,2.4199612338054832
2025-10-06,2.4100167819024154
2025-10-07,2.3722298113714357
2025-10-08,2.38546989326712
2025-10-09,2.3781330133584135
2025-10-10,2.3608837349802165
2025-10-13,2.379394508961555
2025-10-14,2.377710109418023
2025-10-15,2.393160703497368
2025-10-16,2.3863868564140627
2025-10-17,2.4065018124454784
2025-10-20,2.4251413036181977
2025-10-21,2.418022924078693
2025-10-22,2.4312410216822378
2025-10-23,2.445475263475888
2025-10-24,2.4530477612942403
2025-10-27,2.4664210914949525
2025-10-28,2.4741374102168425
2025-10-29,2.494343324159247
2025-10-30,2.496815130563221
2025-10-31,2.5095729005840304
2025-11-03,2.524908370812936
2025-11-04,2.529103175135954
2025-11-05,2.5725723299993497
2025-11-06,2.573313922266249
2025-11-07,2.5854791233134398
2025-11-10,2.605513022756281
2025-11-11,2.6473216083775477
2025-11-12,2.6453799422702775
2025-11-13,2.637484560649817
2025-11-14,2.6471552997247985
2025-11-17,2.6346400281936173
2025-11-18,2.626739108545366
2025-11-19,2.607583070416884
2025-11-21,2.597336712089704
2025-11-24,2.6058528562798093
2025-11-25,2.616469423373855
2025-11-26,2.660853527555905
2025-11-27,2.657578035846165
2025-11-28,2.669532959656328
2025-12-01,2.6617944888232743
2025-12-02,2.7034344163254564
2025-12-03,2.7145596428811385
2025-12-04,2.7598779955695996
2025-12-05,2.640957239712715
2025-12-08,2.6546860106061834
2025-12-09,2.651223904141795
2025-12-10,2.669580620259134
2025-12-11,2.6714959387796413
2025-12-12,2.6979655299724987
2025-12-15,2.726752701886307
2025-12-16,2.6612385043968794
2025-12-17,2.640250721621824
2025-12-18,2.650254078002303
2025-12-19,2.6594787541115874
2025-12-22,2.6539177351144736
2025-12-23,2.692754078002304
2025-12-26,2.700151708397686
2025-12-29,2.6933325501779097
2025-12-30,2.7039902329328274
2026-01-02,2.6941446264348747
2026-01-05,2.7164825132577257
2026-01-06,2.7465912599852547
2026-01-07,2.7182526683225037
2026-01-08,2.734384104182073
2026-01-09,2.7416645968987265
2026-01-12,2.7379732496476024
2026-01-13,2.7182159159562547
2026-01-14,2.7714637175270416
2026-01-15,2.778551386185161
2026-01-16,2.7656571792978686
2026-01-19,2.766484359266989
2026-01-20,2.7904427065852415
2026-01-21,2.883410586024056
2026-01-22,2.9467233335571166
2026-01-23,3.0015865610525863
2026-01-26,2.9992730079882106
2026-01-27,3.052949083708155
2026-01-28,3.099467174598938
2026-01-29,3.0733327179969376
2026-01-30,3.0436312680405697
2026-02-02,3.067620997516303
2026-02-03,3.115970161777564
2026-02-04,3.049409780492742
2026-02-05,3.0564417332349043
2026-02-06,3.0702453514130617
2026-02-09,3.125480801503684
2026-02-10,3.120247868698421
2026-02-11,3.183512116533557
2026-02-12,3.151077733771927
2026-02-13,3.129225683023454
2026-02-18,3.121707558568866
2026-02-19,3.1639662348124054
2026-02-20,3.1975300396053163
2026-02-23,3.1693208364100416
2026-02-24,3.2135732026582797
2026-02-25,3.209496207290085
2026-02-26,3.205427602873088
2026-02-27,3.1682046720816537
2026-03-02,3.176931932603906
2026-03-03,3.0728480566557277
2026-03-04,3.1108015036584806
2026-03-05,3.028526548969616
2026-03-06,3.0100829025978633
2026-03-09,3.0361039135396637
2026-03-10,3.0785896489226268
2026-03-11,3.0873556756394156
2026-03-12,3.0087348123783553
2026-03-13,2.981360508827305
2026-03-16,3.018652077599542
2026-03-17,3.0276184802309434
2026-03-18,3.014699436128104
2026-03-19,3.025283949788572
2026-03-20,2.9572967711620026
2026-03-23,3.0531638920588287
2026-03-24,3.0628505739410876
2026-03-25,3.1117721688930913
2026-03-26,3.066601832583767
2026-03-27,3.046867825736751
2026-03-30,3.0629354903672135
2026-03-31,3.1459663019400135
2026-04-01,3.154207390749842
2026-04-02,3.1558706450963547
2026-04-06,3.157715815264845
2026-04-07,3.159342652883157
2026-04-08,3.2255011076055853
2026-04-09,3.2746400281936237
2026-04-10,3.311469926830933
2026-04-13,3.32282858964895
2026-04-14,3.3338479224005106
2026-04-15,3.3184132711284424
2026-04-16,3.302990367188052
2026-04-17,3.2847806605357057
2026-04-20,3.291469087735812
2026-04-22,3.2370437000738663
2026-04-23,3.211694133046948
2026-04-24,3.201064308250009
2026-04-27,3.1814927502181907
2026-04-28,3.165380445727353
2026-04-29,3.1004635161442153
2026-04-30,3.143546351614444
2026-05-04,3.114723098610483
2026-05-05,3.1340843794052744
2026-05-06,3.1498096932268487
2026-05-07,3.074750956568461
2026-05-08,3.0896873531583786
2026-05-11,3.0527769013895654
2026-05-12,3.0264873800094216
2026-05-13,2.9720462173592237
2026-05-14,2.9933184533798984
2026-05-15,2.975159931529861
2026-05-18,2.969990937772729
2026-05-19,2.924730818285583
2026-05-20,2.9763665503121666
2026-05-21,2.9813026112640357
2026-05-22,2.95713247633754
2026-05-25,2.984086057595512
2026-05-26,2.9634998657448035
2026-05-27,2.949324864066613
2026-05-28,2.937897059810723
2026-05-29,2.9164846949050367
2026-06-01,2.8898009666376
2026-06-02,2.9233677921729435
2026-06-03,2.858472007786825
2026-06-05,2.8364623749748494
2026-06-08,2.8305819963751313
2026-06-09,2.8497877089347075
2026-06-10,2.8297519634826034
2026-06-11,2.8780499429415545
2026-06-12,2.8719315969658545
2026-06-15,2.8598900785393258
2026-06-16,2.847024065248059
2026-06-17,2.8269774115593966
2026-06-18,2.8240174196147096
2026-06-19,2.8249582130630544
2026-06-22,2.859139088407084
2026-06-23,2.8740496408673106
2026-06-24,2.8614261260656733
2026-06-25,2.8863227495469115
2026-06-26,2.9082221252601426
2026-06-29,2.9067152782439645
2026-06-30,2.886891991676199
2026-07-01,2.881261495603164
2026-07-02,2.8997049741558927
2026-07-03,2.921230281264707
2026-07-06,2.893998456065002
2026-07-07,2.886834261931955
2026-07-08,2.8638895415184495
2026-07-09,2.8989413975968543
2026-07-10,2.984936060951893
2026-07-13,2.949236087802936
2026-07-14,2.9643736994025875
2026-07-15,2.953797744512341
2026-07-16,2.917118715177575
2026-07-17,2.915252735450113
2026-07-20,2.909501074041776
2026-07-21,2.908734141102258
2026-07-22,2.9795859904679025
2026-07-23,2.9657585419883428
2026-07-24,2.9207550177888395
2026-07-27,2.942445794455282
2026-07-28,2.963092401154618
2026-07-29,2.91812680405453
2026-07-30,2.9730626971873764
2026-07-31,2.9871618446667347
2026-08-03,2.987182654225706
2026-08-04,2.985416023360431
2026-08-05,2.9825832382359097
2026-08-06,2.9460018795730907
2026-08-07,2.895103376518785
2026-08-10,2.88950677988859
2026-08-11,2.8172558233201537
2026-08-12,2.810818789017945
2026-08-13,2.8042718332550396
2026-08-14,2.801473451030431
2026-08-17,2.7989455930724527
2026-08-18,2.7914153856481385
2026-08-19,2.8165112103108223
2026-08-20,2.818137041014991
2026-08-21,2.87023779955698
2026-08-24,2.8849217963348552
2026-08-25,2.929730818285584
2026-08-26,2.9298895750822544
2026-08-27,2.9391053567832683
2026-08-28,2.9479865073504965
2026-08-31,2.9774246492582637
2026-09-01,3.0160851178089794
2026-09-02,3.108093743706812
2026-09-03,3.107809122642168
2026-09-04,3.107121400281961
2026-09-08,3.14437202121235
2026-09-09,3.115208431227789
2026-09-10,3.159505101698354
2026-09-11,3.1416877559240373
2026-09-14,3.1130576626166597
2026-09-15,3.1298691011613338
2026-09-16,3.113842720010766
2026-09-17,3.1213000939786792
2026-09-18,3.1084978519165194
2026-09-21,3.131429146808108
2026-09-22,3.1453131502987444
2026-09-23,3.1183139222662537
2026-09-24,3.0872979458951724
2026-09-25,3.0790907565281858
2026-09-28,3.0709392830771556
2026-09-29,3.084976673155695
