Data,0
2017-01-02,
2017-01-03,1.0541555987673294
2017-01-04,1.0538778485436138
2017-01-05,1.0687719665972548
2017-01-06,1.0600560085596022
2017-01-09,1.0458386089668956
2017-01-10,1.0526722727264024
2017-01-11,1.060895607324802
2017-01-12,1.0794970304316416
2017-01-13,1.0682445768363165
2017-01-16,1.0739687688531088
2017-01-17,1.084265228504912
2017-01-18,1.0828181569585875
2017-01-19,1.0787116062909075
2017-01-20,1.0934483566822748
2017-01-23,1.100626044657002
2017-01-24,1.104271410913241
2017-01-26,1.0998614198237975
2017-01-27,1.0887224518533754
2017-01-30,1.0420165485291206
2017-01-31,1.049674794702785
2017-02-01,1.0517076285273994
2017-02-02,1.0469859483564872
2017-02-03,1.0725193322419764
2017-02-06,1.0530484156522475
2017-02-07,1.0426585214795898
2017-02-08,1.0681506871964876
2017-02-09,1.0641226151319503
2017-02-10,1.0869366885581155
2017-02-13,1.0873555438642393
2017-02-14,1.0972506100905217
2017-02-15,1.1103582863839438
2017-02-16,1.1050665939801085
2017-02-17,1.0931127394423752
2017-02-20,1.106095652551165
2017-02-21,1.1152751767301943
2017-02-22,1.0955159579385298
2017-02-23,1.0861909350414851
2017-02-24,1.0685460818229935
2017-03-01,1.088834098969349
2017-03-02,1.0685969755811737
2017-03-03,1.0849106924991654
2017-03-06,1.0747610914469135
2017-03-07,1.0831225772659896
2017-03-08,1.0501492074990293
2017-03-09,1.0417847298077725
2017-03-10,1.0339283360109675
2017-03-13,1.0394368299136385
2017-03-14,0.9981869548795959
2017-03-15,1.03473596466492
2017-03-16,1.0085335045356136
2017-03-17,0.976781332001795
2017-03-20,1.0035408325439474
2017-03-21,0.9675772436207741
2017-03-22,1.0003852785877212
2017-03-23,0.9951601928435375
2017-03-24,0.9928005334925302
2017-03-27,1.0066005392273325
2017-03-28,1.015082597840763
2017-03-29,1.0389275848971127
2017-03-30,1.040001274811587
2017-03-31,1.0422300557646011
2017-04-03,1.0556033905643996
2017-04-04,1.0663387844728816
2017-04-05,1.0487643647166054
2017-04-06,1.0455072633724272
2017-04-07,1.0543829921776955
2017-04-10,1.0655756798221947
2017-04-11,1.053792517061212
2017-04-12,1.0515137710495284
2017-04-13,1.0202222141162747
2017-04-17,1.038247052427569
2017-04-18,1.0281928180712019
2017-04-19,1.0025177002207804
2017-04-20,1.0128601490449194
2017-04-24,1.025714856135048
2017-04-25,1.0405206398031088
2017-04-26,1.022307903257157
2017-04-27,1.0077216444413273
2017-04-28,1.0226698197363984
2017-05-02,1.029765803210814
2017-05-03,1.0363612446783366
2017-05-04,1.0159906427589092
2017-05-05,1.0475727458284139
2017-05-08,1.0368214811114775
2017-05-09,1.0368826080182911
2017-05-10,1.0717079593908978
2017-05-11,1.0842245889574165
2017-05-12,1.1124346311655429
2017-05-15,1.128706852584247
2017-05-16,1.1309107657096453
2017-05-17,1.1235874865971063
2017-05-18,0.9720356538962317
2017-05-19,1.0013893755035999
2017-05-22,0.9845570033222062
2017-05-23,0.992792155787015
2017-05-24,1.01806188194076
2017-05-25,1.0040876540929795
2017-05-26,1.0094924369918659
2017-05-29,1.003053233015489
2017-05-30,0.995407878309331
2017-05-31,0.9711585520738462
2017-06-01,0.9598860286841372
2017-06-02,0.9725998560970119
2017-06-05,0.9761071495861031
2017-06-06,0.9792214550918017
2017-06-07,0.9686890320873938
2017-06-08,0.9675567540920486
2017-06-09,0.9667645910084421
2017-06-12,0.9659997680021681
2017-06-13,0.96983592911878
2017-06-14,0.9548782979971638
2017-06-16,0.9415883371329477
2017-06-19,0.9465264262517887
2017-06-20,0.9200397802928404
2017-06-21,0.906329378574532
2017-06-22,0.9255441859898004
2017-06-23,0.9189755697331656
2017-06-26,0.9446684492234041
2017-06-27,0.937121156652173
2017-06-28,0.9272077329638638
2017-06-29,0.9320655235624723
2017-06-30,0.9458073470799443
2017-07-03,0.9459459708280622
2017-07-04,0.9512017785972938
2017-07-05,0.9379296571896941
2017-07-06,0.9323054474506334
2017-07-07,0.9147562564564817
2017-07-10,0.9202892351278448
2017-07-11,0.9399720086954123
2017-07-12,0.9720646288370185
2017-07-13,0.97019461771
2017-07-14,0.9821605916571892
2017-07-17,0.9738713268499335
2017-07-18,0.9779002237883772
2017-07-19,0.9911154468723231
2017-07-20,0.9852035342434733
2017-07-21,0.9642476868107382
2017-07-24,0.974780567545234
2017-07-25,0.9899013657479283
2017-07-26,0.97986248130505
2017-07-27,0.9806884602650265
2017-07-28,0.9893339025874567
2017-07-31,0.9971352203987158
2017-08-01,0.9927487079824416
2017-08-02,1.0159472973641694
2017-08-03,1.0113848481727539
2017-08-04,1.0211369197726374
2017-08-07,1.0291809971204473
2017-08-08,1.024477240020626
2017-08-09,1.023970300863879
2017-08-10,1.0051799837075597
2017-08-11,0.9968944161444788
2017-08-14,1.003451031756132
2017-08-15,1.0083371108629988
2017-08-16,1.008246841388342
2017-08-17,1.003503065636531
2017-08-18,1.0362292933232815
2017-08-21,1.0214267414944425
2017-08-22,1.0479327235505576
2017-08-23,1.046759160939204
2017-08-24,1.0526919677164512
2017-08-25,1.0520064308454595
2017-08-28,1.0524315541094518
2017-08-29,1.0521020664199439
2017-08-30,1.0300374976324482
2017-08-31,1.0372664281606692
2017-09-01,1.0615098603422273
2017-09-04,1.0691053890993119
2017-09-05,1.0804294650155046
2017-09-06,1.1163255526854692
2017-09-08,1.1016709599149115
2017-09-11,1.121091111751404
2017-09-12,1.1132764744136283
2017-09-13,1.123578492004215
2017-09-14,1.1246673972110544
2017-09-15,1.1297258749000991
2017-09-18,1.1276670417539147
2017-09-19,1.1355668674141874
2017-09-20,1.1710990056527046
2017-09-21,1.1571685840335841
2017-09-22,1.1628508623057268
2017-09-25,1.1635729653633684
2017-09-26,1.1495553949420045
2017-09-27,1.1349698732023976
2017-09-28,1.1370604099427315
2017-09-29,1.138103796861835
2017-10-02,1.1419700141263638
2017-10-03,1.1772376880469038
2017-10-04,1.1606498647846648
2017-10-05,1.1772771647449813
2017-10-06,1.1593704912388627
2017-10-09,1.1698192176978008
2017-10-10,1.1912992008666512
2017-10-11,1.1856780150757262
2017-10-13,1.1828541347142822
2017-10-16,1.1865088881382444
2017-10-17,1.1844870929188924
2017-10-18,1.1911980613851363
2017-10-19,1.1903996537847366
2017-10-20,1.1954225136351009
2017-10-23,1.1916163646962388
2017-10-24,1.2085029440991768
2017-10-25,1.2197704114610537
2017-10-26,1.2178527025616745
2017-10-27,1.2342525163861346
2017-10-30,1.2185639694822177
2017-10-31,1.2160059821322788
2017-11-01,1.2260955926328667
2017-11-03,1.2285282097243921
2017-11-06,1.257830451242632
2017-11-07,1.2099766742075635
2017-11-08,1.2381811704656485
2017-11-09,1.2113525980015474
2017-11-10,1.2107769891494302
2017-11-13,1.210166908065092
2017-11-14,1.1410141646793415
2017-11-16,1.1741103157533685
2017-11-17,1.1849558215813016
2017-11-21,1.1863041790210485
2017-11-22,1.1897919841080264
2017-11-23,1.1928453046234326
2017-11-24,1.1849505800462634
2017-11-27,1.176869221570856
2017-11-28,1.1723917462493063
2017-11-29,1.1382785484589146
2017-11-30,1.1309457659062876
2017-12-01,1.146997167704135
2017-12-04,1.143853829736762
2017-12-05,1.1317272093265953
2017-12-06,1.1445548748644443
2017-12-07,1.1285006135454851
2017-12-08,1.1370039356812314
2017-12-11,1.1360220223560487
2017-12-12,1.141617453080113
2017-12-13,1.1187984056764264
2017-12-14,1.1081697087397209
2017-12-15,1.1108045952753616
2017-12-18,1.1230656923526818
2017-12-19,1.1179903406420555
2017-12-20,1.1254355503360387
2017-12-21,1.1630086550360366
2017-12-22,1.1559126290027224
2017-12-26,1.1684820729732814
2017-12-27,1.1702470575367205
2017-12-28,1.1728826515136102
2018-01-02,1.2027959569537656
2018-01-03,1.2154902831022967
2018-01-04,1.2196903430982258
2018-01-05,1.2292670675504096
2018-01-08,1.2387632197695972
2018-01-09,1.2368029768075064
2018-01-10,1.224011339137462
2018-01-11,1.2505681882261244
2018-01-12,1.252638897013895
2018-01-15,1.2560919338177972
2018-01-16,1.2759439770327474
2018-01-17,1.3141827959670669
2018-01-18,1.3062649259578907
2018-01-19,1.3151241790908188
2018-01-22,1.333929278137462
2018-01-23,1.3238792785551532
2018-01-24,1.3897880864786063
2018-01-26,1.4338648540418366
2018-01-29,1.419252192872914
2018-01-30,1.398340130977508
2018-01-31,1.4115085227297195
2018-02-01,1.4543611206689666
2018-02-02,1.4219899975964798
2018-02-05,1.3643777185223969
2018-02-06,1.4125461094433915
2018-02-07,1.3739465883667994
2018-02-08,1.3571032891081476
2018-02-09,1.341239424249411
2018-02-14,1.3764317203256762
2018-02-15,1.3826118731626016
2018-02-16,1.3855434879078061
2018-02-19,1.414680046663469
2018-02-20,1.4487250429963334
2018-02-21,1.4400754550490515
2018-02-22,1.4713783163046488
2018-02-23,1.4919668928817829
2018-02-26,1.5100880977815876
2018-02-27,1.5046520204811895
2018-02-28,1.4881537554869264
2018-03-01,1.4702903209606477
2018-03-02,1.4937172188732424
2018-03-05,1.5250752602184656
2018-03-06,1.5152938981493476
2018-03-07,1.502349802712399
2018-03-08,1.500372462196896
2018-03-09,1.5349894257875445
2018-03-12,1.5374304005912436
2018-03-13,1.5234884066640555
2018-03-14,1.5284152832444298
2018-03-15,1.4801304319550264
2018-03-16,1.486705634887121
2018-03-19,1.4569631953190743
2018-03-20,1.4679142502034461
2018-03-21,1.5087720006932126
2018-03-22,1.4893225602795348
2018-03-23,1.4915291499981946
2018-03-26,1.5071189046408693
2018-03-27,1.476227126758584
2018-03-28,1.4650842629958618
2018-03-29,1.4786533190341988
2018-04-02,1.4497817690384605
2018-04-03,1.4443306855058258
2018-04-04,1.4329034066376767
2018-04-05,1.4748530535417865
2018-04-06,1.479364334049221
2018-04-09,1.4332190055477034
2018-04-10,1.4797676310245464
2018-04-11,1.4996207361388953
2018-04-12,1.5014782649526155
2018-04-13,1.4741100361110586
2018-04-16,1.4407866607512059
2018-04-17,1.4716220980790093
2018-04-18,1.520162559723641
2018-04-19,1.5407405291279612
2018-04-20,1.5476540485558763
2018-04-23,1.5538786921703813
2018-04-24,1.54886481388365
2018-04-25,1.5133163379305743
2018-04-26,1.5646762703716273
2018-04-27,1.5683865503733898
2018-04-30,1.5782770823521395
2018-05-02,1.5435382352116398
2018-05-03,1.5317285460221919
2018-05-04,1.5205104213411098
2018-05-07,1.5300043640055543
2018-05-08,1.5472457743536296
2018-05-09,1.636613129668901
2018-05-10,1.6970236501008233
2018-05-11,1.6700386230304158
2018-05-14,1.6976329100102188
2018-05-15,1.7174809363953845
2018-05-16,1.7548458495027328
2018-05-17,1.6708945722245248
2018-05-18,1.652628706130471
2018-05-21,1.6218238046749103
2018-05-22,1.6141346011327071
2018-05-23,1.5413860651762057
2018-05-24,1.3984543621876528
2018-05-25,1.3846929057976516
2018-05-28,1.2206327415994709
2018-05-29,1.3441182806689624
2018-05-30,1.331073779802848
2018-06-01,1.2001687560602654
2018-06-04,1.2781320453205858
2018-06-05,1.2191135973696574
2018-06-06,1.199612455846994
2018-06-07,1.1602469567110985
2018-06-08,1.1366240145721593
2018-06-11,1.1389911030638489
2018-06-12,1.1408000026617082
2018-06-13,1.1256481582678595
2018-06-14,1.1142521545763309
2018-06-15,1.1118534844041983
2018-06-18,1.076883644267075
2018-06-19,1.1316350509841704
2018-06-20,1.1791441890000924
2018-06-21,1.1182972306977539
2018-06-22,1.1191779018439687
2018-06-25,1.1483065369928427
2018-06-26,1.1720461076642152
2018-06-27,1.1944489239917564
2018-06-28,1.201426628555844
2018-06-29,1.2317132755663482
2018-07-02,1.2445812036473123
2018-07-03,1.2528226321299536
2018-07-04,1.304509186787863
2018-07-05,1.2761838111238444
2018-07-06,1.280896824639541
2018-07-10,1.275655375587146
2018-07-11,1.2580321469667137
2018-07-12,1.2893817056580252
2018-07-13,1.3035963905695023
2018-07-16,1.2913003919117227
2018-07-17,1.321569706387607
2018-07-18,1.3088225002548675
2018-07-19,1.3284849279290634
2018-07-20,1.3830852882054068
2018-07-23,1.3781463144805968
2018-07-24,1.3999802510473527
2018-07-25,1.4281625940425107
2018-07-26,1.3931684933991522
2018-07-27,1.4123904998182388
2018-07-30,1.4235377683372417
2018-07-31,1.3964440513928935
2018-08-01,1.4155120164562096
2018-08-02,1.4306042466344415
2018-08-03,1.4688745044130107
2018-08-06,1.4605550930210305
2018-08-07,1.4404800655753183
2018-08-08,1.4072865547904363
2018-08-09,1.4177681354865954
2018-08-10,1.3701094632653543
2018-08-13,1.3942779250286965
2018-08-14,1.4019645991801488
2018-08-15,1.3535230392240678
2018-08-16,1.3456633064812515
2018-08-17,1.3151131183073226
2018-08-20,1.312169445240744
2018-08-21,1.2736823443153713
2018-08-22,1.3148069055375868
2018-08-23,1.282600698107976
2018-08-24,1.2995628935501833
2018-08-27,1.331858670718942
2018-08-28,1.3125988782793125
2018-08-29,1.3593004473723227
2018-08-30,1.32284228362607
2018-08-31,1.349260068555951
2018-09-03,1.32922573433072
2018-09-04,1.3106693351744747
2018-09-05,1.3133939792659368
2018-09-06,1.3298147901624555
2018-09-10,1.3475263434464595
2018-09-11,1.2960968214040105
2018-09-12,1.316394549796274
2018-09-13,1.3013148576218572
2018-09-14,1.303773712386009
2018-09-17,1.3413305703500942
2018-09-18,1.3853589109799118
2018-09-19,1.3731990505924974
2018-09-20,1.3687645348368516
2018-09-21,1.384679979114193
2018-09-24,1.3686543449803252
2018-09-25,1.3743247110126355
2018-09-26,1.3894753812670353
2018-09-27,1.4556387863737108
2018-09-28,1.435685927371934
2018-10-01,1.4298388248703555
2018-10-02,1.5273960807338494
2018-10-03,1.5864457138317112
2018-10-04,1.592740266658552
2018-10-05,1.5874524314770064
2018-10-08,1.7307712857680437
2018-10-09,1.7371356384278362
2018-10-10,1.6876358190152454
2018-10-11,1.650168749509971
2018-10-15,1.6685487641947132
2018-10-16,1.7213435528761227
2018-10-17,1.7099533097333157
2018-10-18,1.6732588471904233
2018-10-19,1.6907863641642848
2018-10-22,1.7354150581477157
2018-10-23,1.7036953931776975
2018-10-24,1.6745776443544635
2018-10-25,1.7086589649000983
2018-10-26,1.767256083626901
2018-10-29,1.7032286385920496
2018-10-30,1.7895483175386664
2018-10-31,1.7669315782646353
2018-11-01,1.7728146418826436
2018-11-05,1.810643123081057
2018-11-06,1.7631190670133536
2018-11-07,1.719792474242618
2018-11-08,1.6646310295478333
2018-11-09,1.6783051498660337
2018-11-12,1.6615848757704927
2018-11-13,1.608007759317946
2018-11-14,1.6642528060000439
2018-11-16,1.7090163322407583
2018-11-19,1.722548608716728
2018-11-21,1.6776242682071096
2018-11-22,1.6843108198671188
2018-11-23,1.6455168851981112
2018-11-26,1.6554070971544959
2018-11-27,1.7262139175916524
2018-11-28,1.7357329722337411
2018-11-29,1.7288836998011985
2018-11-30,1.7378178102371376
2018-12-03,1.7650084541734403
2018-12-04,1.7313418638372482
2018-12-05,1.740591936365222
2018-12-06,1.6954503231081186
2018-12-07,1.702080627513357
2018-12-10,1.6260034971215107
2018-12-11,1.6191867735885055
2018-12-12,1.6248739033244246
2018-12-13,1.6269040920364408
2018-12-14,1.6130682847202629
2018-12-17,1.5947921345515794
2018-12-18,1.5509936779927984
2018-12-19,1.5632754769227661
2018-12-20,1.5281957488911784
2018-12-21,1.5217003137515845
2018-12-26,1.5620129478312013
2018-12-27,1.5618686822136867
2018-12-28,1.6230238665230108
2019-01-02,1.7167563942275192
2019-01-03,1.756402977801413
2019-01-04,1.762762110086488
2019-01-07,1.777023868789058
2019-01-08,1.762120550161263
2019-01-09,1.8020248873452085
2019-01-10,1.7942599778935753
2019-01-11,1.781809050960145
2019-01-14,1.78460250234327
2019-01-15,1.7876126132543968
2019-01-16,1.7836379316753337
2019-01-17,1.8074932507947474
2019-01-18,1.8354926110753982
2019-01-21,1.8342131480820874
2019-01-22,1.8181986778427293
2019-01-23,1.8367518085710248
2019-01-24,1.8383851171004617
2019-01-28,1.7946672557968215
2019-01-29,1.8262796473715164
2019-01-30,1.8413649309184148
2019-01-31,1.8474117967481607
2019-02-01,1.8579390200017387
2019-02-04,1.8779540713715968
2019-02-05,1.8756565639791698
2019-02-06,1.829783618725979
2019-02-07,1.8025246292156927
2019-02-08,1.8068387944806827
2019-02-11,1.7898634848326402
2019-02-12,1.8332748371166707
2019-02-13,1.8461858358928487
2019-02-14,1.904979778052059
2019-02-15,1.9032614735956601
2019-02-18,1.8995178685725214
2019-02-19,1.9339463415277245
2019-02-20,1.920450682724706
2019-02-21,1.9363941619497573
2019-02-22,1.930690733771324
2019-02-25,1.9090311783185292
2019-02-26,1.9098001737080654
2019-02-27,1.937969224957796
2019-02-28,1.936988865334223
2019-03-01,1.919204258345776
2019-03-06,1.9303480916976636
2019-03-07,1.9270484362749645
2019-03-08,1.92301603677313
2019-03-11,1.9854683291849764
2019-03-12,1.9721191415783954
2019-03-13,2.0119742219484
2019-03-14,2.0186572531995997
2019-03-15,2.015662598279566
2019-03-18,2.045354396215509
2019-03-19,2.0538673958346334
2019-03-20,2.0364483617343625
2019-03-21,2.01006393218711
2019-03-22,1.934553894345453
2019-03-25,1.951657774168691
2019-03-26,2.026948577422807
2019-03-27,1.9481205617867197
2019-03-28,2.003068826329894
2019-03-29,2.00597650688489
2019-04-01,1.9995989207158804
2019-04-02,2.007444130337781
2019-04-03,1.9768457894227345
2019-04-04,2.0429212343266885
2019-04-05,2.0605353865718308
2019-04-08,2.0841436153994373
2019-04-09,2.0768794280224765
2019-04-10,2.058581363074828
2019-04-11,2.0143618991200003
2019-04-12,1.9029822524309308
2019-04-15,1.9076961984587015
2019-04-16,1.9471722920113774
2019-04-17,1.9459779473737453
2019-04-18,1.9816563935723697
2019-04-22,1.9793730756719674
2019-04-23,2.0037937217204074
2019-04-24,2.0030729699865377
2019-04-25,2.018334467786401
2019-04-26,1.9943778671844354
2019-04-29,2.0015666569432615
2019-04-30,1.9940068949899157
2019-05-02,1.9730080652568047
2019-05-03,1.9659231380339641
2019-05-06,1.9526428414729233
2019-05-07,1.9195624825823483
2019-05-08,1.9649884562583917
2019-05-09,1.939408539211737
2019-05-10,1.9380768421615644
2019-05-13,1.8947561288850787
2019-05-14,1.8891309888568621
2019-05-15,1.8829285995393439
2019-05-16,1.8420628519951987
2019-05-17,1.8089419951249233
2019-05-20,1.860160626568935
2019-05-21,1.9374679046276913
2019-05-22,1.934658876791611
2019-05-23,1.9006148672644605
2019-05-24,1.9103803263973507
2019-05-27,1.9191097894553948
2019-05-28,1.9563590756002929
2019-05-29,1.948151443573409
2019-05-30,1.9274403339759507
2019-05-31,1.8958240276581753
2019-06-03,1.9167142528174137
2019-06-04,1.932942976134846
2019-06-05,1.9158552224735856
2019-06-06,1.93663032536586
2019-06-07,1.970704494326455
2019-06-10,1.9713347105637393
2019-06-11,2.00274748157253
2019-06-12,1.9857190883147195
2019-06-13,2.004937983476422
2019-06-14,2.006667325476626
2019-06-17,2.006980787922225
2019-06-18,2.0307975109150167
2019-06-19,2.040866572034597
2019-06-21,2.077034872165507
2019-06-24,2.0755200026789264
2019-06-25,2.027082468592349
2019-06-26,2.0476431627735283
2019-06-27,2.0242332518632367
2019-06-28,2.0362603641944093
2019-07-01,2.0251939934740184
2019-07-02,2.011644776912184
2019-07-03,2.0367966218009452
2019-07-04,2.0603133095705286
2019-07-05,2.0797507981372365
2019-07-08,2.0900368804474945
2019-07-10,2.1133508055791275
2019-07-11,2.134003973274007
2019-07-12,2.126501651237878
2019-07-15,2.103731076491752
2019-07-16,2.087714072197676
2019-07-17,2.0804836618542355
2019-07-18,2.0752500862190035
2019-07-19,2.06675735464149
2019-07-22,2.0753211862449463
2019-07-23,2.080776863514812
2019-07-24,2.0743821637899464
2019-07-25,2.038329303833811
2019-07-26,2.0062408363820308
2019-07-29,2.0220316544411534
2019-07-30,2.00127186071216
2019-07-31,1.985626247903509
2019-08-01,1.9647395068729594
2019-08-02,2.013628259792979
2019-08-05,1.9553947634611983
2019-08-06,1.9842221290191402
2019-08-07,1.983949252983765
2019-08-08,2.049717192827797
2019-08-09,2.0600723872192304
2019-08-12,2.004653087478465
2019-08-13,2.029239342822439
2019-08-14,1.9736752421567458
2019-08-15,1.9300717827973073
2019-08-16,1.911176803438692
2019-08-19,1.9169620116859143
2019-08-20,1.9151489767589374
2019-08-21,2.0010195989931976
2019-08-22,1.9773735869941107
2019-08-23,1.9228350386659228
2019-08-26,1.8994982546433374
2019-08-27,1.9218718089963684
2019-08-28,1.9429491765046716
2019-08-29,1.9975372797993622
2019-08-30,2.000048734757716
2019-09-02,1.9860892221303605
2019-09-03,1.989051949908639
2019-09-04,2.032595202144081
2019-09-05,2.050063963055828
2019-09-06,2.0646386148421065
2019-09-09,2.0800561962921993
2019-09-10,2.0866799060974457
2019-09-11,2.0838725884675307
2019-09-12,2.096846561685719
2019-09-13,2.0891696455236373
2019-09-16,2.1496086916430506
2019-09-17,2.1348864110017307
2019-09-18,2.1097700418360192
2019-09-19,2.1165038427121834
2019-09-20,2.106950771845029
2019-09-23,2.1346851089889536
2019-09-24,2.1224661161243144
2019-09-25,2.125395196297864
2019-09-26,2.1585703437158075
2019-09-27,2.1584117072529936
2019-09-30,2.1463955933052046
2019-10-01,2.1408631685478046
2019-10-02,2.085435640983398
2019-10-03,2.09852877082346
2019-10-04,2.084783396476355
2019-10-07,2.056591456036722
2019-10-08,2.046499785132589
2019-10-09,2.079485949073928
2019-10-10,2.088617749805897
2019-10-11,2.1192888078933407
2019-10-14,2.1268052379905193
2019-10-15,2.139372286741429
2019-10-16,2.1620783298132227
2019-10-17,2.147997937730058
2019-10-18,2.1376137931184798
2019-10-21,2.1485205477952123
2019-10-22,2.2075820522481298
2019-10-23,2.239730311254621
2019-10-24,2.2048805199084893
2019-10-25,2.2563102821229437
2019-10-28,2.2829138392737116
2019-10-29,2.3105896386698705
2019-10-30,2.333855136308802
2019-10-31,2.3392462427267042
2019-11-01,2.348512578281696
2019-11-04,2.3382150716501204
2019-11-05,2.294500048738575
2019-11-06,2.3024200297882556
2019-11-07,2.3665243143231756
2019-11-08,2.313579483404563
2019-11-11,2.3450790116920266
2019-11-12,2.325083719074737
2019-11-13,2.31388868195143
2019-11-14,2.2915132501877458
2019-11-18,2.2847913875527808
2019-11-19,2.2707059344114207
2019-11-21,2.338905889112004
2019-11-22,2.34124452225145
2019-11-25,2.3236420107350773
2019-11-26,2.28494896495824
2019-11-27,2.297768026362455
2019-11-28,2.3067452654718927
2019-11-29,2.283897176297427
2019-12-02,2.277977744111791
2019-12-03,2.267809724651355
2019-12-04,2.324648407988126
2019-12-05,2.34797124750383
2019-12-06,2.364148595653714
2019-12-09,2.361433089943654
2019-12-10,2.3678468996450035
2019-12-11,2.3609249634659655
2019-12-12,2.4041752084895758
2019-12-13,2.367212729062672
2019-12-16,2.323973069004716
2019-12-17,2.353104109651896
2019-12-18,2.394647411466995
2019-12-19,2.4018535807107546
2019-12-20,2.383494102821892
2019-12-23,2.3959316664810606
2019-12-26,2.421541963792246
2019-12-27,2.410472482116682
2019-12-30,2.3882304213677026
2020-01-02,2.4516920461675586
2020-01-03,2.441666323786056
2020-01-06,2.448072986292803
2020-01-07,2.4344226610771456
2020-01-08,2.4130223272395668
2020-01-09,2.406251826344594
2020-01-10,2.3931432406813777
2020-01-13,2.4047228856421734
2020-01-14,2.386407983361623
2020-01-15,2.357834119596921
2020-01-16,2.3569240645352063
2020-01-17,2.390621701235233
2020-01-20,2.3943210667167754
2020-01-21,2.3620811124218495
2020-01-22,2.3550009041209963
2020-01-23,2.3846012043536
2020-01-24,2.358251537828003
2020-01-27,2.2732756403258922
2020-01-28,2.327693967946071
2020-01-29,2.320183775701656
2020-01-30,2.3265291517392166
2020-01-31,2.3017426913684957
2020-02-03,2.3048880294255736
2020-02-04,2.3315329599759025
2020-02-05,2.3210818705883227
2020-02-06,2.358428596525922
2020-02-07,2.3432722829448163
2020-02-10,2.3562234200236514
2020-02-11,2.387410336276305
2020-02-12,2.4380176486942347
2020-02-13,2.407741630893558
2020-02-14,2.3827877969518068
2020-02-17,2.403800860537052
2020-02-18,2.4228354582024187
2020-02-19,2.4720874518357885
2020-02-20,2.435052766621439
2020-02-21,2.390656547248916
2020-02-26,2.184509185738514
2020-02-27,2.1117339543757216
2020-02-28,2.1122395839884907
2020-03-02,2.194779041752769
2020-03-03,2.157042959496303
2020-03-04,2.211967330319996
2020-03-05,2.0883197382767658
2020-03-06,1.9189016517816522
2020-03-09,1.4707029375910026
2020-03-10,1.5880134170973066
2020-03-11,1.4466747444789576
2020-03-12,1.190177562805004
2020-03-13,1.41731935351646
2020-03-16,1.2190029207703008
2020-03-17,1.2280275210327367
2020-03-18,1.0738990240034267
2020-03-19,1.1281411105549017
2020-03-20,1.1151862688210985
2020-03-23,1.0710147094498077
2020-03-24,1.2086498962280394
2020-03-25,1.3217324461247797
2020-03-26,1.3251190346486468
2020-03-27,1.2157673266230133
2020-03-30,1.2356260117689408
2020-03-31,1.2661911252499576
2020-04-01,1.2642730227524963
2020-04-02,1.343558850749666
2020-04-03,1.3180400183525787
2020-04-06,1.3709116094046452
2020-04-07,1.4352970063368158
2020-04-08,1.5178890377710659
2020-04-09,1.4777207067938034
2020-04-13,1.4970370262162445
2020-04-14,1.4848819661965955
2020-04-15,1.4605155178060447
2020-04-16,1.4203234534520548
2020-04-17,1.453568532369926
2020-04-20,1.4367308129002296
2020-04-22,1.4892777814503917
2020-04-23,1.4922689928355464
2020-04-24,1.3977206083472569
2020-04-27,1.456404209997462
2020-04-28,1.5227009891146088
2020-04-29,1.5877447947559402
2020-04-30,1.5710436119379922
2020-05-04,1.5246508727904609
2020-05-05,1.5705888173258278
2020-05-06,1.5186271221103531
2020-05-07,1.5031538899977788
2020-05-08,1.5787454443778501
2020-05-11,1.5528633787243786
2020-05-12,1.5350472574828085
2020-05-13,1.5068969187865067
2020-05-14,1.507242434839673
2020-05-15,1.495094127084485
2020-05-18,1.59597756326152
2020-05-19,1.5939397519822305
2020-05-20,1.6336048046603373
2020-05-21,1.650113215783458
2020-05-22,1.615195586716062
2020-05-25,1.6818000829755895
2020-05-26,1.6878782651957123
2020-05-27,1.707130825146781
2020-05-28,1.6952734427849447
2020-05-29,1.7217044236068677
2020-06-01,1.732472170221916
2020-06-02,1.8177052283943298
2020-06-03,1.8386943180600508
2020-06-04,1.8469732468398963
2020-06-05,1.8816446426510027
2020-06-08,1.9223325760209888
2020-06-09,1.8693574163661877
2020-06-10,1.8429215051974912
2020-06-12,1.7899572852608714
2020-06-15,1.7850204371564278
2020-06-16,1.8313731143691943
2020-06-17,1.853665097166591
2020-06-18,1.8816627394568695
2020-06-19,1.8774058538722724
2020-06-22,1.8374778146435247
2020-06-23,1.8792441895656946
2020-06-24,1.8237381532552053
2020-06-25,1.8636486073084357
2020-06-26,1.8108500085253345
2020-06-29,1.8708140768484285
2020-06-30,1.862385123989984
2020-07-01,1.8866085454778627
2020-07-02,1.9173061737480723
2020-07-03,1.9127317224693237
2020-07-06,1.9602305521801748
2020-07-07,1.930672876702858
2020-07-08,1.9601044419025686
2020-07-09,1.9386281018920406
2020-07-10,1.9637724568803159
2020-07-13,1.9333669110752445
2020-07-14,1.983547276364437
2020-07-15,2.0161578803133575
2020-07-16,1.9752918430009676
2020-07-17,1.9858625650529176
2020-07-20,1.9946166050880094
2020-07-21,2.036321775397314
2020-07-22,2.010205557147331
2020-07-23,1.9737783523293628
2020-07-24,1.9847050937872281
2020-07-27,2.0270353691679777
2020-07-28,1.9974608232889237
2020-07-29,2.0288137554782786
2020-07-30,2.00254750073602
2020-07-31,1.9511900890300145
2020-08-03,1.9309910814390157
2020-08-04,1.914102482132241
2020-08-05,2.0006688888886504
2020-08-06,2.0398435693914654
2020-08-07,2.006511359454813
2020-08-10,2.028810301969788
2020-08-11,2.013513114117845
2020-08-12,2.0398866280772383
2020-08-13,1.9910279377811102
2020-08-14,1.982173066077759
2020-08-17,1.9625510179163248
2020-08-18,2.000853291106061
2020-08-19,1.9882423102296092
2020-08-20,1.9767912426523944
2020-08-21,1.9719796951080124
2020-08-24,1.998927355452694
2020-08-25,1.9909544696005872
2020-08-26,1.9478655458802818
2020-08-27,1.949503670592183
2020-08-28,1.9826707916098456
2020-08-31,1.9325547660997713
2020-09-01,2.0029329843374346
2020-09-02,2.008438300415943
2020-09-03,2.0032287080915854
2020-09-04,2.001196648302254
2020-09-08,1.9551020865094157
2020-09-09,1.996851712108459
2020-09-10,1.9463260897525232
2020-09-11,1.9220254755323425
2020-09-14,1.9273639218264884
2020-09-15,1.924398047570963
2020-09-16,1.928769409239229
2020-09-17,1.9474903436127302
2020-09-18,1.9087212304239014
2020-09-21,1.8575289286401346
2020-09-22,1.857117105572115
2020-09-23,1.801362649268289
2020-09-24,1.8272410316553096
2020-09-25,1.8121166391349137
2020-09-28,1.771081312807861
2020-09-29,1.7441959844409571
2020-09-30,1.7629877983904787
2020-10-01,1.782503931076757
2020-10-02,1.7266911518740595
2020-10-05,1.7931476259966124
2020-10-06,1.7843636907292197
2020-10-07,1.7761061664864486
2020-10-08,1.8378641237053532
2020-10-09,1.7923599244453314
2020-10-13,1.8190586191549625
2020-10-14,1.813132629137795
2020-10-15,1.797604071379918
2020-10-16,1.7706544534676731
2020-10-19,1.7857106307170112
2020-10-20,1.835763507829506
2020-10-21,1.8393935341465817
2020-10-22,1.8988264472128484
2020-10-23,1.8724603128220052
2020-10-26,1.85228013817453
2020-10-27,1.822933068842625
2020-10-28,1.7234770759171836
2020-10-29,1.7742461140917176
2020-10-30,1.7330275356090212
2020-11-03,1.7915168351002926
2020-11-04,1.815546867420092
2020-11-05,1.850926556625035
2020-11-06,1.8467627965858515
2020-11-09,1.9757862589864332
2020-11-10,2.063093174544233
2020-11-11,2.0524166290158625
2020-11-12,1.9794364035955412
2020-11-13,2.0398297395679372
2020-11-16,2.0847342841463723
2020-11-17,2.105917692483098
2020-11-18,2.092867710088896
2020-11-19,2.108498757544483
2020-11-20,2.0936047773434483
2020-11-23,2.183146035572443
2020-11-24,2.2545298845563564
2020-11-25,2.253764997494173
2020-11-26,2.2308877047599265
2020-11-27,2.219627464946468
2020-11-30,2.167400158171639
2020-12-01,2.211743908695754
2020-12-02,2.2321552476295174
2020-12-03,2.2711324162713717
2020-12-04,2.338285221718666
2020-12-07,2.30523339504184
2020-12-08,2.2910967643500455
2020-12-09,2.3016373340667555
2020-12-10,2.370379770909121
2020-12-11,2.343143191459247
2020-12-14,2.3470906082321785
2020-12-15,2.368888308776424
2020-12-16,2.4064795324153208
2020-12-17,2.4283503714633494
2020-12-18,2.4180628243646356
2020-12-21,2.3450495377148717
2020-12-22,2.358270447210013
2020-12-23,2.408542950870849
2020-12-28,2.4291755759411715
2020-12-29,2.43290671695952
2020-12-30,2.440364010198256
2021-01-04,2.454207550033908
2021-01-05,2.5172498873247773
2021-01-06,2.5116983852862393
2021-01-07,2.580215781879303
2021-01-08,2.612891602291261
2021-01-11,2.588073651613154
2021-01-12,2.5857819498150065
2021-01-13,2.4909877928822732
2021-01-14,2.514543310146485
2021-01-15,2.4190758340991367
2021-01-18,2.423915735617432
2021-01-19,2.466170647807452
2021-01-20,2.4355548858909684
2021-01-21,2.3892595014516673
2021-01-22,2.357520521389588
2021-01-26,2.34077100053603
2021-01-27,2.3476076484198725
2021-01-28,2.3937066925719126
2021-01-29,2.3033744679505683
2021-02-01,2.3628422765693324
2021-02-02,2.447170619048737
2021-02-03,2.4482353853572434
2021-02-04,2.4466353239456367
2021-02-05,2.4549830058604507
2021-02-08,2.405363089023801
2021-02-09,2.3800436731674575
2021-02-10,2.399928561289671
2021-02-11,2.444813704535651
2021-02-12,2.4762400630410304
2021-02-17,2.545008894750199
2021-02-18,2.521010442171452
2021-02-19,2.4093759610202996
2021-02-22,2.0073105393918143
2021-02-23,2.1978340507985146
2021-02-24,2.2108999000128517
2021-02-25,2.1118291607282176
2021-02-26,2.0419169455168587
2021-03-01,2.0182924210821893
2021-03-02,2.0254486055985823
2021-03-03,1.9736941792695013
2021-03-04,2.0470710467904794
2021-03-05,2.0645298684476066
2021-03-08,1.9534105535125754
2021-03-09,2.0010953700752294
2021-03-10,2.0377337992169084
2021-03-11,2.0927519093198845
2021-03-12,2.084277785071334
2021-03-15,2.130165011547921
2021-03-16,2.1053365726753444
2021-03-17,2.1739185180712353
2021-03-18,2.1071025057258583
2021-03-19,2.1631664097776007
2021-03-22,2.1384262159230967
2021-03-23,2.079635337351079
2021-03-24,2.0650988044278016
2021-03-25,2.0987598278038697
2021-03-26,2.1202578341569547
2021-03-29,2.140053672129763
2021-03-30,2.15833149557717
2021-03-31,2.168424724201561
2021-04-01,2.1430014596468046
2021-04-05,2.1696625645475756
2021-04-06,2.166237777702558
2021-04-07,2.169021141034743
2021-04-08,2.1518478529527276
2021-04-09,2.142685390452958
2021-04-12,2.173438680335728
2021-04-13,2.1787265433803498
2021-04-14,2.203026251660026
2021-04-15,2.1764514024306094
2021-04-16,2.1692072027376708
2021-04-19,2.2535682627398756
2021-04-20,2.2200166976605393
2021-04-22,2.2115654372767692
2021-04-23,2.217636444003439
2021-04-26,2.221174168623096
2021-04-27,2.1658620025690514
2021-04-28,2.2380975235688068
2021-04-29,2.2092765169653723
2021-04-30,2.21076166383992
2021-05-03,2.2173481592023747
2021-05-04,2.1666715832462033
2021-05-05,2.240109648413245
2021-05-06,2.221370524297496
2021-05-07,2.292899058252728
2021-05-10,2.3093527034339854
2021-05-11,2.3252640758798186
2021-05-12,2.2811806186041177
2021-05-13,2.308015433572221
2021-05-14,2.402256734759328
2021-05-17,2.418886457333544
2021-05-18,2.4078848367665064
2021-05-19,2.3909913034881884
2021-05-20,2.3927197232593365
2021-05-21,2.385782539957213
2021-05-24,2.4324801254404917
2021-05-25,2.399631058373888
2021-05-26,2.4188909626388293
2021-05-27,2.411393652955774
2021-05-28,2.4871709561239452
2021-05-31,2.488527411100559
2021-06-01,2.5246903219414425
2021-06-02,2.591962346949379
2021-06-04,2.6332654872774435
2021-06-07,2.6432474823544014
2021-06-08,2.661286807442092
2021-06-09,2.659744806911384
2021-06-10,2.6678655958130952
2021-06-11,2.647720513802127
2021-06-14,2.667428385988562
2021-06-15,2.6833922829321404
2021-06-16,2.6950429435734167
2021-06-17,2.6322032624091567
2021-06-18,2.6379938398797407
2021-06-21,2.686920723414041
2021-06-22,2.701207509381742
2021-06-23,2.7137687078397303
2021-06-24,2.7329349371632174
2021-06-25,2.677006577108201
2021-06-28,2.677394192668351
2021-06-29,2.679582037112551
2021-06-30,2.693672990786044
2021-07-01,2.6559076732203803
2021-07-02,2.683503714106427
2021-07-05,2.649749196653573
2021-07-06,2.567958837696914
2021-07-07,2.6106073165806642
2021-07-08,2.559469783760889
2021-07-12,2.58415572246662
2021-07-13,2.6011901546440708
2021-07-14,2.584551049819998
2021-07-15,2.547448773224793
2021-07-16,2.5089436782171175
2021-07-19,2.4732088873076483
2021-07-20,2.5016746217465125
2021-07-21,2.5252767246516754
2021-07-22,2.5262250706930574
2021-07-23,2.5090955865050906
2021-07-26,2.567067265389778
2021-07-27,2.53964907711799
2021-07-28,2.583852831664761
2021-07-29,2.5786765734225727
2021-07-30,2.514675793765781
2021-08-02,2.5014479175369644
2021-08-03,2.529544580930228
2021-08-04,2.485923821037543
2021-08-05,2.630993183692984
2021-08-06,2.6418026655753555
2021-08-09,2.6340389486218165
2021-08-10,2.6267370728215553
2021-08-11,2.6481148010141364
2021-08-12,2.663507746183741
2021-08-13,2.6894144451340996
2021-08-16,2.6256499334921886
2021-08-17,2.6230816040778686
2021-08-18,2.607331956091623
2021-08-19,2.614684154687444
2021-08-20,2.6190658371780673
2021-08-23,2.6475065289740227
2021-08-24,2.7031210202040783
2021-08-25,2.7307946039682527
2021-08-26,2.7029743602282994
2021-08-27,2.7842913123426776
2021-08-30,2.7727493616897694
2021-08-31,2.6989415093017333
2021-09-01,2.700509526708751
2021-09-02,2.642172109245754
2021-09-03,2.619837432695124
2021-09-06,2.6322025531132134
2021-09-08,2.4935216360065926
2021-09-09,2.5407191894658707
2021-09-10,2.528576057666508
2021-09-13,2.5934963483693716
2021-09-14,2.5725019805299736
2021-09-15,2.6020617280716256
2021-09-16,2.583875611149556
2021-09-17,2.4841579644155485
2021-09-20,2.4467407400347283
2021-09-21,2.486694728499584
2021-09-22,2.5594569829083924
2021-09-23,2.6418449148499508
2021-09-24,2.6290141336510655
2021-09-27,2.6440145071267724
2021-09-28,2.6090677381917065
2021-09-29,2.6439083970373836
2021-09-30,2.6404391153723528
2021-10-01,2.7103973655749587
2021-10-04,2.740834222360372
2021-10-05,2.7801679298752267
2021-10-06,2.7243574566130064
2021-10-07,2.7132790555500836
2021-10-08,2.766537563601348
2021-10-11,2.765657866702019
2021-10-13,2.8068472231069332
2021-10-14,2.8137347284792864
2021-10-15,2.8084287878617458
2021-10-18,2.8074467997406556
2021-10-19,2.6848027414506235
2021-10-20,2.709547650270139
2021-10-21,2.6281427386082097
2021-10-22,2.58667661743612
2021-10-25,2.7364238979140305
2021-10-26,2.7137541661864724
2021-10-27,2.709779499169959
2021-10-28,2.7232305061374062
2021-10-29,2.599226524015581
2021-11-01,2.6688774480421666
2021-11-03,2.6107043093138507
2021-11-04,2.5336726653961015
2021-11-05,2.5249133586496773
2021-11-08,2.53597712896285
2021-11-09,2.5741994730434135
2021-11-10,2.5696539495253456
2021-11-11,2.5840173929939674
2021-11-12,2.611576986754386
2021-11-16,2.6177516309955866
2021-11-17,2.5700031032782875
2021-11-18,2.5703799379839505
2021-11-19,2.536854047280242
2021-11-22,2.531569200996352
2021-11-23,2.6158125880047405
2021-11-24,2.672206268148592
2021-11-25,2.7616464104058545
2021-11-26,2.665195316037298
2021-11-29,2.7384320782756246
2021-11-30,2.725003377581419
2021-12-01,2.709170958926439
2021-12-02,2.8755025026049927
2021-12-03,2.905673486466261
2021-12-06,2.921703165574622
2021-12-07,2.9603868445274153
2021-12-08,2.9664638900320583
2021-12-09,2.9417041720439356
2021-12-10,2.978664027584009
2021-12-13,2.949825932952704
2021-12-14,2.914133338945524
2021-12-15,2.9380693350238567
2021-12-16,2.949676620242659
2021-12-17,2.881832209911868
2021-12-20,2.8098548969492345
2021-12-21,2.8125250258867487
2021-12-22,2.813501345904591
2021-12-23,2.8199357187808642
2021-12-27,2.8545911149531498
2021-12-28,2.847804755630641
2021-12-29,2.823055392765263
2021-12-30,2.8212528350249984
2022-01-03,2.860512431021656
2022-01-04,2.862933133052813
2022-01-05,2.7581858857826385
2022-01-06,2.777994892150901
2022-01-07,2.7818054185201357
2022-01-10,2.763955816967567
2022-01-11,2.844251946941953
2022-01-12,2.9031758168115562
2022-01-13,2.950708658734164
2022-01-14,3.0239724962241845
2022-01-17,3.0289577927169065
2022-01-18,3.020966754591144
2022-01-19,3.0290599648063967
2022-01-20,3.060086046685951
2022-01-21,3.068185370642625
2022-01-24,3.066281044524975
2022-01-25,3.162181237245592
2022-01-26,3.237669366130794
2022-01-27,3.25649419957678
2022-01-28,3.170475900760969
2022-01-31,3.18996041575323
2022-02-01,3.2360453507282356
2022-02-02,3.1901119960585427
2022-02-03,3.1577200894216895
2022-02-04,3.202345763483482
2022-02-07,3.166222801087604
2022-02-08,3.1412319281483008
2022-02-09,3.140019904904866
2022-02-10,3.1695146879925757
2022-02-11,3.286680768065645
2022-02-14,3.2523300386600007
2022-02-15,3.247438265272344
2022-02-16,3.2775356778923666
2022-02-17,3.2901760904566504
2022-02-18,3.2999856493579665
2022-02-21,3.33711289604841
2022-02-22,3.3573990438107866
2022-02-23,3.3836385297331693
2022-02-24,3.3210193062782327
2022-02-25,3.377158986078822
2022-03-02,3.419936202958229
2022-03-03,3.3928081876501217
2022-03-04,3.3690462253308637
2022-03-07,3.1677431382028005
2022-03-08,3.2161353498709118
2022-03-09,3.271470443754748
2022-03-10,3.3452085489535395
2022-03-11,3.254614451491648
2022-03-14,3.210662259044181
2022-03-15,3.1562953388021557
2022-03-16,3.1575518549104715
2022-03-17,3.1115759397801495
2022-03-18,3.1671239777117712
2022-03-21,3.251559276469157
2022-03-22,3.266282068530425
2022-03-23,3.30168193805473
2022-03-24,3.3352142414331873
2022-03-25,3.320737991567945
2022-03-28,3.275069748158216
2022-03-29,3.3518084951562757
2022-03-30,3.4082998038675854
2022-03-31,3.432898408630333
2022-04-01,3.4085483198659583
2022-04-04,3.391367147168352
2022-04-05,3.351962272392173
2022-04-06,3.337102467226327
2022-04-07,3.4527315448203155
2022-04-08,3.4641224637791765
2022-04-11,3.4396719762799686
2022-04-12,3.4285437290262357
2022-04-13,3.490740365626903
2022-04-14,3.445261828178539
2022-04-18,3.392793900465192
2022-04-19,3.4838494632935757
2022-04-20,3.4889546307287103
2022-04-22,3.3758237736411045
2022-04-25,3.336436111605684
2022-04-26,3.2830133413705886
2022-04-27,3.2820675805076656
2022-04-28,3.3016454108727427
2022-04-29,3.27706894801486
2022-05-02,3.2483883921388093
2022-05-03,3.2645698859081276
2022-05-04,3.4155335157179048
2022-05-05,3.3422444008495464
2022-05-06,3.4060860186953885
2022-05-09,3.291691460571321
2022-05-10,3.328976241573291
2022-05-11,3.4243463485993257
2022-05-12,3.4430651365207967
2022-05-13,3.5006020917767744
2022-05-16,3.523675477313238
2022-05-17,3.5077830994656254
2022-05-18,3.4554968002175914
2022-05-19,3.501133999807755
2022-05-20,3.557580250741347
2022-05-23,3.6723110773324166
2022-05-24,3.59253250931931
2022-05-25,3.6262849954677225
2022-05-26,3.6588643671302408
2022-05-27,3.545245656195405
2022-05-30,3.492045034546634
2022-05-31,3.5129563057882933
2022-06-01,3.5129674727068054
2022-06-02,3.501747599929936
2022-06-03,3.53273406078365
2022-06-06,3.5310452617788246
2022-06-07,3.544650957669297
2022-06-08,3.523266895954003
2022-06-09,3.467722471589651
2022-06-10,3.3982161202613295
2022-06-13,3.331474449665739
2022-06-14,3.3608878857717412
2022-06-15,3.3289492075525873
2022-06-17,3.162100860215983
2022-06-20,3.1843457665741792
2022-06-21,3.15197184949694
2022-06-22,3.136623809119035
2022-06-23,3.0915167362540896
2022-06-24,3.0724622548833427
2022-06-27,3.2188511390322954
2022-06-28,3.232159357158121
2022-06-29,3.1968062382390716
2022-06-30,3.176127947739322
2022-07-01,3.2339860792092954
2022-07-04,3.2744218753002965
2022-07-05,3.2096930629192726
2022-07-06,3.1950244975307736
2022-07-07,3.275831806319357
2022-07-08,3.2870834955545862
2022-07-11,3.250523728113276
2022-07-12,3.208205015218737
2022-07-13,3.206245176366414
2022-07-14,3.1329611062644447
2022-07-15,3.179347351737621
2022-07-18,3.2392996827453193
2022-07-19,3.3282480823212848
2022-07-20,3.3455951057573565
2022-07-21,3.347142675206092
2022-07-22,3.357693405341962
2022-07-25,3.474063514150557
2022-07-26,3.480226668115951
2022-07-27,3.5307802580226184
2022-07-28,3.613123171232416
2022-07-29,3.756776940755926
2022-08-01,3.7137915246894555
2022-08-02,3.735768449398859
2022-08-03,3.759775146044898
2022-08-04,3.8080274037305077
2022-08-05,3.8589755657301383
2022-08-08,4.029568675942573
2022-08-09,4.089006874748847
2022-08-10,4.137204092993293
2022-08-11,4.062814288674193
2022-08-12,4.2963123004062425
2022-08-15,4.296051270665398
2022-08-16,4.316562115085592
2022-08-17,4.400476540074933
2022-08-18,4.482774478158559
2022-08-19,4.309968131669959
2022-08-22,4.352651020551397
2022-08-23,4.459458727193132
2022-08-24,4.490351662966081
2022-08-25,4.465531198259676
2022-08-26,4.46416809244011
2022-08-29,4.541075474828539
2022-08-30,4.335866990855522
2022-08-31,4.384853534302077
2022-09-01,4.453183800560106
2022-09-02,4.431645480184672
2022-09-05,4.436811060395308
2022-09-06,4.295210963561971
2022-09-08,4.275792409958052
2022-09-09,4.291076446010136
2022-09-12,4.2842134936197995
2022-09-13,4.187744942902212
2022-09-14,4.239533860091588
2022-09-15,4.223549010067045
2022-09-16,4.203418806018038
2022-09-19,4.273255341152743
2022-09-20,4.277989456309472
2022-09-21,4.285664081931183
2022-09-22,4.371220806696884
2022-09-23,4.1587884497856855
2022-09-26,4.078301655454865
2022-09-27,4.097865107554965
2022-09-28,4.069239320236161
2022-09-29,4.068851943056066
2022-09-30,4.1359711932559176
2022-10-03,4.438796753830107
2022-10-04,4.36557807380241
2022-10-05,4.484314026566287
2022-10-06,4.575947515789019
2022-10-07,4.575381268895194
2022-10-10,4.5372147810821275
2022-10-11,4.483965051308565
2022-10-13,4.565408185033493
2022-10-14,4.509408615700533
2022-10-17,4.5392432721985365
2022-10-18,4.648292282762784
2022-10-19,4.762072166535275
2022-10-20,4.872216836910863
2022-10-21,5.006947312306053
2022-10-24,4.645390561691563
2022-10-25,4.548090204268343
2022-10-26,4.441092727901456
2022-10-27,4.50746249528379
2022-10-28,4.496535099483192
2022-10-31,4.280063593512242
2022-11-01,4.266400638561791
2022-11-03,4.275164572655222
2022-11-04,4.114215457245282
2022-11-07,3.972111276139503
2022-11-08,3.9958397307668903
2022-11-09,3.9451222289428154
2022-11-10,3.8216491556426946
2022-11-11,3.884836154182236
2022-11-14,3.9826799855533435
2022-11-16,3.875089942108117
2022-11-17,3.864651238126532
2022-11-18,3.8238323542517505
2022-11-21,3.8504846892399414
2022-11-22,3.812233521565669
2022-11-23,3.8135094032394967
2022-11-24,3.9508923926052257
2022-11-25,3.8541915555870667
2022-11-28,3.900674286335101
2022-11-29,4.0269390658202155
2022-11-30,4.209325843674159
2022-12-01,4.061956380901174
2022-12-02,4.121449772816072
2022-12-05,4.021540424814147
2022-12-06,4.047433896919296
2022-12-07,3.9967839433839942
2022-12-08,3.901335533183634
2022-12-09,3.881990810690422
2022-12-12,3.7737121834680765
2022-12-13,3.685635192840594
2022-12-14,3.486962834792476
2022-12-15,3.553885174576629
2022-12-16,3.5464526926483826
2022-12-19,3.624867939933559
2022-12-20,3.722774224863695
2022-12-21,3.803798037815398
2022-12-22,3.8429581119064458
2022-12-23,3.987192353891524
2022-12-26,3.9278964144645663
2022-12-27,3.936980741638068
2022-12-28,3.9401427239897164
2022-12-29,3.8996675310920734
2023-01-02,3.6796593006696523
2023-01-03,3.584010449830795
2023-01-04,3.6810115324493777
2023-01-05,3.816121809782197
2023-01-06,3.819748977945652
2023-01-09,3.8493761358287006
2023-01-10,3.9054489054805512
2023-01-11,3.9436913462384067
2023-01-12,3.963814824230921
2023-01-13,3.945137929527332
2023-01-16,3.8682299917209626
2023-01-17,4.080965468489585
2023-01-18,4.052285993941762
2023-01-19,4.135827706500295
2023-01-20,4.173870355863318
2023-01-23,4.212832755354782
2023-01-24,4.210028356880561
2023-01-25,4.2451169647258835
2023-01-26,4.149784722835557
2023-01-27,4.063425455377802
2023-01-30,4.088994533232302
2023-01-31,4.143474350987292
2023-02-01,4.096708650743129
2023-02-02,3.977177619208055
2023-02-03,3.990061109530512
2023-02-06,4.109294476722743
2023-02-07,4.061231846694177
2023-02-08,4.183644090296341
2023-02-09,4.138300733442525
2023-02-10,4.23163054448817
2023-02-13,4.259720120934502
2023-02-14,4.239204320824234
2023-02-15,4.226626746905605
2023-02-16,4.241317500008183
2023-02-17,4.199216438035497
2023-02-22,4.100285486194459
2023-02-23,4.2024126338682946
2023-02-24,4.097818927440642
2023-02-27,4.113779946813331
2023-02-28,4.000760118230363
2023-03-01,3.9946011816309217
2023-03-02,3.9090651310462454
2023-03-03,4.032631700669283
2023-03-06,4.078860872292194
2023-03-07,3.9794225972361787
2023-03-08,4.031908031493518
2023-03-09,4.001027495376886
2023-03-10,3.9436520254767093
2023-03-13,3.863254586325576
2023-03-14,3.823356966737566
2023-03-15,3.780423315178234
2023-03-16,3.783068305160154
2023-03-17,3.7866120448123795
2023-03-20,3.708734456091909
2023-03-21,3.7761594816310313
2023-03-22,3.7635128028446725
2023-03-23,3.6576418963372657
2023-03-24,3.6805403075966083
2023-03-27,3.7378107352792598
2023-03-28,3.7941080525457798
2023-03-29,3.838854093128064
2023-03-30,3.8783170029859506
2023-03-31,3.8137086068407484
2023-04-03,3.9164901766123363
2023-04-04,3.9231933371099075
2023-04-05,3.9172151167252096
2023-04-06,3.851882400110353
2023-04-10,3.9155454341285143
2023-04-11,4.083668393129243
2023-04-12,4.1132675245267825
2023-04-13,4.095949712368015
2023-04-14,4.136167812437546
2023-04-17,4.188692855645038
2023-04-18,4.247333408734813
2023-04-19,4.120062974518788
2023-04-20,4.144242409741977
2023-04-24,4.197238076235757
2023-04-25,4.186915470498214
2023-04-26,4.137381658102305
2023-04-27,4.079740904591164
2023-04-28,4.144589373931095
2023-05-02,3.9976841222391784
2023-05-03,3.987347469330861
2023-05-04,4.048248113655631
2023-05-05,4.205222596797367
2023-05-08,4.295281639937081
2023-05-09,4.322675865339073
2023-05-10,4.327386186928667
2023-05-11,4.4447996480641905
2023-05-12,4.536611064200518
2023-05-15,4.483844180426926
2023-05-16,4.553064665509946
2023-05-17,4.490561820484105
2023-05-18,4.516337731538482
2023-05-19,4.520813051696226
2023-05-22,4.47131515239506
2023-05-23,4.55153564676458
2023-05-24,4.581780457513513
2023-05-25,4.619012899512249
2023-05-26,4.654600785925779
2023-05-29,4.627337098596473
2023-05-30,4.5766298292880006
2023-05-31,4.530166989118805
2023-06-01,4.673583454928132
2023-06-02,4.681164104893413
2023-06-05,4.714515405683228
2023-06-06,4.810580831633043
2023-06-07,4.914305746122135
2023-06-09,5.096501634356418
2023-06-12,5.167337117993567
2023-06-13,5.154790009821555
2023-06-14,5.319101184530316
2023-06-15,5.253754326672298
2023-06-16,5.275316763290192
2023-06-19,5.386178316820093
2023-06-20,5.402768592140749
2023-06-21,5.557369431737323
2023-06-22,5.485499279140511
2023-06-23,5.348145517567535
2023-06-26,5.420654410215047
2023-06-27,5.378161633652371
2023-06-28,5.402657108622786
2023-06-29,5.445798976048891
2023-06-30,5.270842005747205
2023-07-03,5.37090726010848
2023-07-04,5.367008897310159
2023-07-05,5.383369945927464
2023-07-06,5.290789414485629
2023-07-07,5.301611425032355
2023-07-10,5.290201020750835
2023-07-11,5.217107266525646
2023-07-12,5.2133531169025655
2023-07-13,5.287925536609797
2023-07-14,5.193631425172051
2023-07-17,5.20524437918554
2023-07-18,5.158618089404271
2023-07-19,5.180508510253279
2023-07-20,5.185836398515914
2023-07-21,5.288476594861376
2023-07-24,5.360271649302688
2023-07-25,5.446468020886755
2023-07-26,5.45880594222784
2023-07-27,5.228084232855324
2023-07-28,5.291821078841165
2023-07-31,5.472421895667769
2023-08-01,5.413247735051409
2023-08-02,5.3981948654027825
2023-08-03,5.442988960032169
2023-08-04,5.307494860162234
2023-08-07,5.333162852159683
2023-08-08,5.331086081573886
2023-08-09,5.325806419856278
2023-08-10,5.338214502559888
2023-08-11,5.314766836636858
2023-08-14,5.318219410663058
2023-08-15,5.340266582948015
2023-08-16,5.418841961259221
2023-08-17,5.406999864402882
2023-08-18,5.4288495056050206
2023-08-21,5.39054447990946
2023-08-22,5.467991065433018
2023-08-23,5.693217964791973
2023-08-24,5.675024385201641
2023-08-25,5.624194611958086
2023-08-28,5.7095280109249655
2023-08-29,5.742964104389046
2023-08-30,5.750160343227306
2023-08-31,5.635476081408366
2023-09-01,5.729853189097215
2023-09-04,5.684617462928368
2023-09-05,5.798542198688292
2023-09-06,5.809349743704625
2023-09-08,5.794212279455067
2023-09-11,5.823000802422124
2023-09-12,5.866020878636384
2023-09-13,5.811710135679371
2023-09-14,5.922649502491751
2023-09-15,5.936620400158763
2023-09-18,5.927264057772375
2023-09-19,5.890671014050366
2023-09-20,5.918892228584691
2023-09-21,5.812578514343019
2023-09-22,5.8455061269757485
2023-09-25,5.891822952990909
2023-09-26,5.766213943024935
2023-09-27,5.893768154144179
2023-09-28,5.918738037304261
2023-09-29,5.948582405501175
2023-10-02,5.884072675679513
2023-10-03,5.824637466734365
2023-10-04,5.7006060366596065
2023-10-05,5.722470395584219
2023-10-06,5.8218179737540465
2023-10-09,6.00557078645346
2023-10-10,6.052549527100064
2023-10-11,6.05256013872259
2023-10-13,6.159302580867665
2023-10-16,6.212316199000873
2023-10-17,6.3103618182898025
2023-10-18,6.3669051666084675
2023-10-19,6.360078351476254
2023-10-20,6.284690370483721
2023-10-23,5.995898608092585
2023-10-24,6.053586726133292
2023-10-25,6.074161315553395
2023-10-26,6.085279164110815
2023-10-27,6.011707032349357
2023-10-30,5.945817245781654
2023-10-31,5.90401858635058
2023-11-01,5.994943972186063
2023-11-03,6.119596424178155
2023-11-06,6.124194275299923
2023-11-07,6.111542317803606
2023-11-08,6.075535333339724
2023-11-09,6.188118239681529
2023-11-10,6.203927519511105
2023-11-13,6.3453018667253
2023-11-14,6.418495533253421
2023-11-16,6.379356960034845
2023-11-17,6.5037264828874575
2023-11-20,6.532053124291862
2023-11-21,6.499404431444189
2023-11-22,6.5185418488359685
2023-11-23,6.506574366855661
2023-11-24,6.494330932149612
2023-11-27,6.488912214122976
2023-11-28,6.58092488266157
2023-11-29,6.537402383719247
2023-11-30,6.635881366458949
2023-12-01,6.618392990900948
2023-12-04,6.530331446257263
2023-12-05,6.525245663603605
2023-12-06,6.3583292497855455
2023-12-07,6.362999635479303
2023-12-08,6.51105900318326
2023-12-11,6.46954652620278
2023-12-12,6.393532713681531
2023-12-13,6.528227619740749
2023-12-14,6.642401699805145
2023-12-15,6.640821250864069
2023-12-18,6.698183646283091
2023-12-19,6.773575162446806
2023-12-20,6.739086923795936
2023-12-21,6.756078892615734
2023-12-22,6.802442601016619
2023-12-26,6.910446673448451
2023-12-27,6.935330727809788
2023-12-28,6.913622493266086
2024-01-02,6.949353091796849
2024-01-03,7.088519959089952
2024-01-04,7.011691261163924
2024-01-05,7.053617096607105
2024-01-08,7.012217259056034
2024-01-09,6.970731307603861
2024-01-10,6.922072105430144
2024-01-11,6.964697443860804
2024-01-12,6.989065103831551
2024-01-15,7.033576281965037
2024-01-16,6.950340506245127
2024-01-17,6.924497361914324
2024-01-18,6.873215948085525
2024-01-19,6.860397611735586
2024-01-22,6.822781712227592
2024-01-23,6.90557042539569
2024-01-24,6.862398144864813
2024-01-25,7.037379484863816
2024-01-26,7.1376485787974735
2024-01-29,7.227441023847323
2024-01-30,7.180666953297613
2024-01-31,7.220243053809863
2024-02-01,7.374973913093778
2024-02-02,7.297858069639107
2024-02-05,7.344800221077617
2024-02-06,7.45884249694357
2024-02-07,7.544674289343481
2024-02-08,7.369257273363925
2024-02-09,7.350833159146513
2024-02-14,7.289523862524348
2024-02-15,7.485546340830678
2024-02-16,7.539887681703495
2024-02-19,7.579393709958592
2024-02-20,7.555113751494765
2024-02-21,7.55623638175092
2024-02-22,7.536638224068155
2024-02-23,7.492657108730207
2024-02-26,7.596612041231434
2024-02-27,7.59366744811715
2024-02-28,7.304698836813684
2024-02-29,7.235614702138178
2024-03-01,7.262007416241051
2024-03-04,7.227059674159473
2024-03-05,7.199673647672375
2024-03-06,7.349451854642859
2024-03-07,7.24156997853047
2024-03-08,6.717439740271378
2024-03-11,6.663952446078728
2024-03-12,6.854217459414357
2024-03-13,6.806711198712766
2024-03-14,6.778623413711324
2024-03-15,6.785833365142615
2024-03-18,6.762357122583681
2024-03-19,6.729661350441375
2024-03-20,6.833090125585628
2024-03-21,6.7031839354279015
2024-03-22,6.719557706642141
2024-03-25,6.782072875638591
2024-03-26,6.699312184723772
2024-03-27,6.761416736227499
2024-03-28,6.845357476093068
2024-04-01,6.838442158178528
2024-04-02,6.95278697329897
2024-04-03,6.919046096983355
2024-04-04,6.852892829761936
2024-04-05,6.87923598939959
2024-04-08,6.967513344366889
2024-04-09,6.978646911754542
2024-04-10,7.051932284480123
2024-04-11,7.0039236762902375
2024-04-12,6.944680728785784
2024-04-15,6.9549589397319735
2024-04-16,6.952341000545849
2024-04-17,7.013568163646626
2024-04-18,7.049554536137251
2024-04-19,7.140712601109335
2024-04-22,7.289775099093996
2024-04-23,7.278070317760779
2024-04-24,7.238396038999933
2024-04-25,7.348132040251936
2024-04-26,7.413887798651758
2024-04-29,7.492848495979809
2024-04-30,7.439084805964546
2024-05-02,7.483715116702612
2024-05-03,7.448589851937085
2024-05-06,7.480116135868007
2024-05-07,7.565998760030186
2024-05-08,7.664974779596505
2024-05-09,7.697542939945428
2024-05-10,7.6780876229480075
2024-05-13,7.700247144056109
2024-05-14,7.628452604483202
2024-05-15,7.307891019139351
2024-05-16,7.184771281772472
2024-05-17,7.084525324977518
2024-05-20,7.101281772375582
2024-05-21,7.107262476209488
2024-05-22,7.171189731026005
2024-05-23,7.101924009381317
2024-05-24,7.042391186619218
2024-05-27,7.083880123872008
2024-05-28,7.172237324469804
2024-05-29,7.154324390067785
2024-05-31,7.2934317040165775
2024-06-03,7.264851369010355
2024-06-04,7.202737891582947
2024-06-05,7.205366029484496
2024-06-06,7.279913094954163
2024-06-07,7.055966492549111
2024-06-10,7.123915170554445
2024-06-11,7.178146662477825
2024-06-12,7.0634058265198325
2024-06-13,7.024169452496943
2024-06-14,6.950607288688245
2024-06-17,6.988496934940412
2024-06-18,7.117587665701915
2024-06-19,7.118994766564057
2024-06-20,7.19291598168694
2024-06-21,7.243235273334007
2024-06-24,7.319335534790581
2024-06-25,7.3211277130202115
2024-06-26,7.327037519385525
2024-06-27,7.437691547031296
2024-06-28,7.466987669713785
2024-07-01,7.521517836065422
2024-07-02,7.496457718190158
2024-07-03,7.426645353797304
2024-07-04,7.357651604083975
2024-07-05,7.379599798815382
2024-07-08,7.519257030530571
2024-07-09,7.525779890625388
2024-07-10,7.498938503814626
2024-07-11,7.528841776053977
2024-07-12,7.476522275631959
2024-07-15,7.541533459543392
2024-07-16,7.494442557479799
2024-07-17,7.548639431391121
2024-07-18,7.498919615002509
2024-07-19,7.53012167987507
2024-07-22,7.44267246006729
2024-07-23,7.35884043622401
2024-07-24,7.386740706260679
2024-07-25,7.365066815870901
2024-07-26,7.389750571661444
2024-07-29,7.275665657055627
2024-07-30,7.233481761971721
2024-07-31,7.3323913992201275
2024-08-01,7.2330429057417165
2024-08-02,7.0668338834531195
2024-08-05,7.038117919873041
2024-08-06,7.157633549238963
2024-08-07,7.16989648487877
2024-08-08,7.290246693664763
2024-08-09,7.313718108448701
2024-08-12,7.427247234231958
2024-08-13,7.418838110057442
2024-08-14,7.551372668945512
2024-08-15,7.629193671457722
2024-08-16,7.658422018897728
2024-08-19,7.671733802309967
2024-08-20,7.663803195375823
2024-08-21,7.666389456380914
2024-08-22,7.654483447821088
2024-08-23,7.645960745461517
2024-08-26,8.042407878279075
2024-08-27,7.95954406847262
2024-08-28,8.042034070929601
2024-08-29,7.9802204818988365
2024-08-30,7.956680208531434
2024-09-02,7.866549857973834
2024-09-03,7.822949270090773
2024-09-04,7.857409008927597
2024-09-05,7.823281485121841
2024-09-06,7.682898825781226
2024-09-09,7.746960588533738
2024-09-10,7.662132047908328
2024-09-11,7.660108156239433
2024-09-12,7.586329622545839
2024-09-13,7.594857497340569
2024-09-16,7.671448636551978
2024-09-17,7.6334680551602085
2024-09-18,7.485193669939672
2024-09-19,7.505590238618715
2024-09-20,7.460091632431337
2024-09-23,7.493309040115843
2024-09-24,7.530587197876609
2024-09-25,7.568722463582437
2024-09-26,7.446955973060499
2024-09-27,7.43905017231012
2024-09-30,7.415946623625561
2024-10-01,7.539977465010068
2024-10-02,7.650971499011779
2024-10-03,7.63660026900789
2024-10-04,7.619516450888582
2024-10-07,7.702568238410312
2024-10-08,7.613233838452484
2024-10-09,7.53434066443367
2024-10-10,7.595047196340095
2024-10-11,7.580695991997664
2024-10-14,7.6115797527554365
2024-10-15,7.57644138891841
2024-10-16,7.5604852764891985
2024-10-17,7.513806557434191
2024-10-18,7.511775182374452
2024-10-21,7.434668676276702
2024-10-22,7.41724939810949
2024-10-23,7.352566132549472
2024-10-24,7.395641741782642
2024-10-25,7.4285627148687565
2024-10-28,7.4489441035883885
2024-10-29,7.422830314018697
2024-10-30,7.408033054665879
2024-10-31,7.422268614464334
2024-11-01,7.386669929732303
2024-11-04,7.493141849676056
2024-11-05,7.552664185770911
2024-11-06,7.535034444968752
2024-11-07,7.439455715955869
2024-11-08,7.5104999067742595
2024-11-11,7.4905610957803175
2024-11-12,7.574733915190973
2024-11-13,7.550291478999163
2024-11-14,7.615111532256026
2024-11-18,7.737670507808347
2024-11-19,7.7151788330903655
2024-11-21,7.691062840032131
2024-11-22,7.9050400157828555
2024-11-25,7.869014531420286
2024-11-26,7.907084378521878
2024-11-27,7.7965037478419745
2024-11-28,7.648411353421243
2024-11-29,7.68569444678115
2024-12-02,7.679140972899877
2024-12-03,7.745251232813196
2024-12-04,7.732846308722648
2024-12-05,7.852123539647135
2024-12-06,7.713744719449825
2024-12-09,7.874365108993642
2024-12-10,7.962152412125913
2024-12-11,8.117202852180839
2024-12-12,7.95620475364339
2024-12-13,7.8614021088454615
2024-12-16,7.773674426998867
2024-12-17,7.84033886415486
2024-12-18,7.60087189693382
2024-12-19,7.623500662455137
2024-12-20,7.594701824389748
2024-12-23,7.579881190389619
2024-12-26,7.608832791922834
2024-12-27,7.56937187963277
2024-12-30,7.634516316331509
2025-01-02,7.699016991748504
2025-01-03,7.603015796238124
2025-01-06,7.683057024406909
2025-01-07,7.794838907571308
2025-01-08,7.693116801212007
2025-01-09,7.743001290187122
2025-01-10,7.744254588920183
2025-01-13,7.77254276519825
2025-01-14,7.773243999754254
2025-01-15,7.944470462953955
2025-01-16,7.893800583637024
2025-01-17,7.911775545537817
2025-01-20,7.947067911546214
2025-01-21,7.976254763790135
2025-01-22,7.951141844440088
2025-01-23,7.906717148113893
2025-01-24,7.902424663173753
2025-01-27,8.06395487620794
2025-01-28,8.042269353304881
2025-01-29,8.01860368458873
2025-01-30,8.178842054715222
2025-01-31,8.271397721391905
2025-02-03,8.237662732664141
2025-02-04,8.157056456115964
2025-02-05,8.086948721467033
2025-02-06,8.096425917472885
2025-02-07,8.087912819282712
2025-02-10,8.15249911388145
2025-02-11,8.169306896583524
2025-02-12,8.015720207235884
2025-02-13,8.061436310205192
2025-02-14,8.283248295417303
2025-02-17,8.32534251514957
2025-02-18,8.422400817984741
2025-02-19,8.413323368013064
2025-02-20,8.457990225687617
2025-02-21,8.436121595159904
2025-02-24,8.36127579718956
2025-02-25,8.389914663701294
2025-02-26,8.398555062586933
2025-02-27,8.189816927681234
2025-02-28,8.024156494116095
2025-03-05,7.828423420818424
2025-03-06,7.7766602984534545
2025-03-07,7.818016776265385
2025-03-10,7.830992876327479
2025-03-11,7.712912729044756
2025-03-12,7.7061009862316485
2025-03-13,7.7786205196885545
2025-03-14,7.993619317907034
2025-03-17,8.141884318839628
2025-03-18,8.188331418026728
2025-03-19,8.197958672437736
2025-03-20,8.189069736233982
2025-03-21,8.269709584452357
2025-03-24,8.23343285390143
2025-03-25,8.299970816114032
2025-03-26,8.318191481208302
2025-03-27,8.363727931602812
2025-03-28,8.319853308824447
2025-03-31,8.265695262297616
2025-04-01,8.306373439653065
2025-04-02,8.286399637980379
2025-04-03,8.14944568155507
2025-04-04,7.875539067853819
2025-04-07,7.63603797303642
2025-04-08,7.457599471256517
2025-04-09,7.704332107580787
2025-04-10,7.351536667777995
2025-04-11,7.486631393281199
2025-04-14,7.520519720388139
2025-04-15,7.425687837458532
2025-04-16,7.418443688665923
2025-04-17,7.5410273341577065
2025-04-22,7.584989050053544
2025-04-23,7.549048068855919
2025-04-24,7.546770673234808
2025-04-25,7.575000979050575
2025-04-28,7.556302313454988
2025-04-29,7.594430562359537
2025-04-30,7.517221264900837
2025-05-02,7.6512767792296374
2025-05-05,7.430673472270818
2025-05-06,7.488780764951266
2025-05-07,7.541686915074665
2025-05-08,7.649796917244658
2025-05-09,7.756078358482
2025-05-12,7.882956485342185
2025-05-13,8.025191552467573
2025-05-14,8.000529977038552
2025-05-15,8.01053443187959
2025-05-16,8.070827424776374
2025-05-19,8.092992951554645
2025-05-20,8.1060749645383
2025-05-21,8.017431317736683
2025-05-22,7.93543539191915
2025-05-23,7.982151824142539
2025-05-26,7.978165529164359
2025-05-27,8.048228172014495
2025-05-28,8.013615382325863
2025-05-29,7.954911392662698
2025-05-30,7.875948882340212
2025-06-02,7.894462212963788
2025-06-03,7.877943705268135
2025-06-04,7.729105623919007
2025-06-05,7.690419645093237
2025-06-06,7.748996889870743
2025-06-09,7.656479258677662
2025-06-10,7.817789065262579
2025-06-11,8.008931888732134
2025-06-12,8.156919224424819
2025-06-13,8.274490383583128
2025-06-16,8.253165043520838
2025-06-17,8.400150595601486
2025-06-18,8.406925813458928
2025-06-20,8.339130447027912
2025-06-23,8.216249951833602
2025-06-24,8.136357306605442
2025-06-25,8.068470321028009
2025-06-26,8.120002085863236
2025-06-27,8.063598847690423
2025-06-30,8.137121907918281
2025-07-01,8.170436811722379
2025-07-02,8.2426171335473
2025-07-03,8.322572596573917
2025-07-04,8.32503072105245
2025-07-07,8.235317962733088
2025-07-08,8.338266697176069
2025-07-09,8.287828739875327
2025-07-10,8.220129316395225
2025-07-11,8.264474917182433
2025-07-14,8.19757499964943
2025-07-15,8.186012624500522
2025-07-16,8.162698778609645
2025-07-17,8.119005098693789
2025-07-18,7.9940203745231155
2025-07-21,8.030662818331397
2025-07-22,8.05580704910165
2025-07-23,8.219488133096917
2025-07-24,8.203312595098144
2025-07-25,8.215196452546326
2025-07-28,8.189326311773643
2025-07-29,8.28026644637585
2025-07-30,8.374620043872715
2025-07-31,8.34971020984673
2025-08-01,8.270599386534268
2025-08-04,8.273620526551406
2025-08-05,8.318314951295115
2025-08-06,8.347224678434428
2025-08-07,8.366143607544668
2025-08-08,8.017546798037566
2025-08-11,8.056303871798077
2025-08-12,8.09850302422136
2025-08-13,8.028534007730338
2025-08-14,7.925657333064934
2025-08-15,7.944466532437099
2025-08-18,7.989201471839446
2025-08-19,7.875273514088702
2025-08-20,7.909241007038912
2025-08-21,7.909935440971994
2025-08-22,8.139199112799465
2025-08-25,8.167229709119376
2025-08-26,8.089880938694185
2025-08-27,8.175348095881814
2025-08-28,8.257610347103494
2025-08-29,8.31643381962408
2025-09-01,8.3247512392121
2025-09-02,8.320511249839004
2025-09-03,8.252406366504788
2025-09-04,8.266476026235337
2025-09-05,8.218192093230789
2025-09-08,8.23297219292236
2025-09-09,8.240927138761473
2025-09-10,8.367130108148777
2025-09-11,8.329553813693598
2025-09-12,8.291908432777399
2025-09-15,8.384260021155086
2025-09-16,8.419227821745288
2025-09-17,8.490354446138069
2025-09-18,8.44071078594083
2025-09-19,8.410933931615892
2025-09-22,8.444173987961472
2025-09-23,8.550841771076115
2025-09-24,8.703854516890582
2025-09-25,8.627836503696615
2025-09-26,8.601444680066223
2025-09-29,8.551300760168509
2025-09-30,8.493613756818226
2025-10-01,8.424791323111773
2025-10-02,8.327785673902582
2025-10-03,8.345066224912328
2025-10-06,8.262480604628474
2025-10-07,8.243562355047223
2025-10-08,8.21561761061211
2025-10-09,8.103902308824868
2025-10-10,8.06160124971057
2025-10-13,8.117763669113355
2025-10-14,8.078677372827743
2025-10-15,8.018719283871397
2025-10-16,7.951834568499709
2025-10-17,7.988483982981766
2025-10-20,8.013950574097194
2025-10-21,7.967822977965997
2025-10-22,8.036153410188039
2025-10-23,8.113220602229632
2025-10-24,8.05621795060533
2025-10-27,8.098621894895182
2025-10-28,8.132072151637303
2025-10-29,8.156896312555471
2025-10-30,8.14533945528274
2025-10-31,8.141179349777984
2025-11-03,8.199147065005793
2025-11-04,8.228327015832386
2025-11-05,8.372535752883556
2025-11-06,8.440619738288527
2025-11-07,8.651492849890122
2025-11-10,8.720808813797724
2025-11-11,8.920959728771555
2025-11-12,8.754071812329336
2025-11-13,8.774749259171385
2025-11-14,8.848720770931285
2025-11-17,8.840198580534269
2025-11-18,8.85770941267373
2025-11-19,8.797715828112386
2025-11-21,8.666840060933401
2025-11-24,8.639552189259883
2025-11-25,8.611753793376389
2025-11-26,8.622101446589397
2025-11-27,8.636853628027174
2025-11-28,8.561155359583577
2025-12-01,8.578122752082708
2025-12-02,8.667866109375069
2025-12-03,8.723324492318413
2025-12-04,8.89031178501747
2025-12-05,8.56286517504229
2025-12-08,8.612472632180218
2025-12-09,8.639799023164674
2025-12-10,8.664897805215066
2025-12-11,8.542542304704362
2025-12-12,8.639034383550076
2025-12-15,8.692258064265724
2025-12-16,8.443845770795189
2025-12-17,8.48372814462578
2025-12-18,8.441417597586959
2025-12-19,8.44671882893143
2025-12-22,8.440490830861938
2025-12-23,8.497530718208074
2025-12-26,8.505944317427373
2025-12-29,8.5472218351971
2025-12-30,8.581555430278602
2026-01-02,8.52441952534219
2026-01-05,8.457045628667043
2026-01-06,8.381901545540266
2026-01-07,8.407999705332411
2026-01-08,8.523973303830829
2026-01-09,8.561220965122393
2026-01-12,8.561195256682195
2026-01-13,8.667131155257273
2026-01-14,8.872559358652763
2026-01-15,8.857982883193483
2026-01-16,8.868286878476844
2026-01-19,8.906895208803606
2026-01-20,8.974833704451669
2026-01-21,9.281584275044064
2026-01-22,9.387526947081943
2026-01-23,9.696523067566524
2026-01-26,9.793752487400166
2026-01-27,9.959571795292257
2026-01-28,10.253987199947867
2026-01-29,10.268157466850756
2026-01-30,10.214904893772843
2026-02-02,10.147038377369768
2026-02-03,10.170870030483893
2026-02-04,9.91259135787808
2026-02-05,9.826449338412521
2026-02-06,9.816945421093225
2026-02-09,10.027869640146626
2026-02-10,10.057871762796795
2026-02-11,10.198616400084056
2026-02-12,9.93504640135937
2026-02-13,9.901570518822354
2026-02-18,9.979226396866926
2026-02-19,10.134589039558303
2026-02-20,10.20736761456324
2026-02-23,10.223326998805625
2026-02-24,10.42953260493116
2026-02-25,10.397615478898805
2026-02-26,10.412585169845388
2026-02-27,10.318803071039477
2026-03-02,10.600657104979256
2026-03-03,10.484187042980018
2026-03-04,10.446912382441882
2026-03-05,10.41548034924221
2026-03-06,10.618930830217852
2026-03-09,10.837981439060503
2026-03-10,10.843400216015386
2026-03-11,11.196648433664647
2026-03-12,11.120452095052796
2026-03-13,10.981820672054976
2026-03-16,11.186973419918534
2026-03-17,11.292077176533267
2026-03-18,11.33673240874318
2026-03-19,11.330278648444457
2026-03-20,11.105219949824638
2026-03-23,11.26927476829383
2026-03-24,11.46940555109088
2026-03-25,11.540951309456624
2026-03-26,11.564009306959786
2026-03-27,11.759023781409908
2026-03-30,11.796875941384656
2026-03-31,11.758444900614656
2026-04-01,11.552020305961372
2026-04-02,11.668189702185943
2026-04-06,11.81538047081148
2026-04-07,11.721291500400946
2026-04-08,11.506009007555994
2026-04-09,11.703167487534367
2026-04-10,11.878124105064135
2026-04-13,12.030253370419373
2026-04-14,11.752615999156763
2026-04-15,11.626150586423913
2026-04-16,11.892035605651788
2026-04-17,11.515176360565052
2026-04-20,11.611042895681374
2026-04-22,11.620125525126268
2026-04-23,11.656063701174785
2026-04-24,11.529913627587037
2026-04-27,11.511133910426576
2026-04-28,11.555296275660568
2026-04-29,11.730666337512758
2026-04-30,11.80114919349281
2026-05-04,11.85104521957991
2026-05-05,11.760535309279165
2026-05-06,11.50622807034318
2026-05-07,11.449628748415934
2026-05-08,11.325693590947845
2026-05-11,11.336825886448466
2026-05-12,11.165890007000993
2026-05-13,10.896431394972202
2026-05-14,10.99816414271806
2026-05-15,11.025973626643243
2026-05-18,11.204286572108524
2026-05-19,11.065739259376063
2026-05-20,10.932511941966762
2026-05-21,11.019854007421886
2026-05-22,10.870814197597957
2026-05-25,10.744085995790565
2026-05-26,10.71940659119622
2026-05-27,10.602316109308843
2026-05-28,10.570248229230831
2026-05-29,10.548982966672906
2026-06-01,10.656291899179735
2026-06-02,10.642516795312051
2026-06-03,10.514622445783083
2026-06-05,10.430473899779603
2026-06-08,10.441929699775276
2026-06-09,10.38553546086744
2026-06-10,10.366569671560287
2026-06-11,10.50735398661568
2026-06-12,10.39649873342904
2026-06-15,9.995319597616707
2026-06-16,9.871234876991647
2026-06-17,9.853727598925452
2026-06-18,9.850763736470581
2026-06-19,9.830206804404453
2026-06-22,9.94355989403474
2026-06-23,9.99241992316834
2026-06-24,9.79692202347076
2026-06-25,9.838359273054772
2026-06-26,9.870749536241263
2026-06-29,9.881426496090796
2026-06-30,9.822127822531192
2026-07-01,9.851679307023275
2026-07-02,9.904977690526394
2026-07-03,9.99052861354736
2026-07-06,9.822027953749743
2026-07-07,9.947758707962999
2026-07-08,10.1620129285751
2026-07-09,10.14278268562278
2026-07-10,10.299994287166447
2026-07-13,10.42080865484254
2026-07-14,10.398012103335393
2026-07-15,10.433133190222888
2026-07-16,10.28473578178446
2026-07-17,10.408995562270599
2026-07-20,10.446928266196299
2026-07-21,10.531949781697245
2026-07-22,10.726195993056509
2026-07-23,10.676215974401934
2026-07-24,10.555011501867147
2026-07-27,10.477233730737346
2026-07-28,10.535841704220047
2026-07-29,10.625567715461278
2026-07-30,10.900882446249726
2026-07-31,11.006253296486689
2026-08-03,10.98822784018505
2026-08-04,10.851702909415879
2026-08-05,10.797516929393945
2026-08-06,10.797603695214109
2026-08-07,10.52973653634225
2026-08-10,10.744075408896325
2026-08-11,10.522674963967631
2026-08-12,10.396945859738878
2026-08-13,10.482257847151189
2026-08-14,10.579524682870572
2026-08-17,10.640599473578101
2026-08-18,10.687346236497426
2026-08-19,10.829195624147372
2026-08-20,10.967034713154886
2026-08-21,11.05816520025854
2026-08-24,10.89863162279507
2026-08-25,10.833420789238982
2026-08-26,10.844729529946994
2026-08-27,11.163516175377845
2026-08-28,11.309411846983375
2026-08-31,11.642187410510493
2026-09-01,11.971133434536934
2026-09-02,12.26498264131034
2026-09-03,12.177879153160946
2026-09-04,12.080435041527581
2026-09-08,12.2673619586848
2026-09-09,12.229756469635996
2026-09-10,12.37763944037983
2026-09-11,12.369756144166047
2026-09-14,12.419668421431185
2026-09-15,12.672823620352034
2026-09-16,12.380520257240086
2026-09-17,12.393889068790113
2026-09-18,12.34456284186252
2026-09-21,12.322836763765341
2026-09-22,12.441341020449041
2026-09-23,12.612778292652102
2026-09-24,12.515501290812534
2026-09-25,12.288999388662056
2026-09-28,12.352884065112356
2026-09-29,12.482528101784856
